<Issue>
	<title>Is windowNoTitle really needed in styles.xml? </title>
	<bugID> Issue #12 </bugID>
	<url>https://github.com/Bearded-Hen/Android-Bootstrap/issues/12</url>
	<labels>
		<label>None yet</label>
	</labels>
	<assignees>null	</assignees>
	<developer>msutherland4807</developer>
	<commters>[msutherland4807, daniellevass, daniellevass]</commters>
	<number_commters>3</number_commters>
	<openTime>Thu Nov 28 07:57:00 CST 2013</openTime>
	<closedTime>Fri Nov 29 17:05:19 CST 2013</closedTime>
	<description>
		Hi there I've been trying to use Android-Bootstrap in my app, the buttons are great! But due to the windowNoTitle attribute in your styles.xml, apps with an ActionBar can't get one due to some code gimmick down the line in Android theming Is this line necessary? Thanks
	</description>
	<comment>
		Pretty sure it's not - if you set it to "false" it temporarily fixes the issue. I'm going to be pushing an update tomorrow (hopefully) which will fix this issue, and others, and include some more features :) Thank you!
	</comment>
	<comment>
		fixed in todays update :)
	</comment>
</Issue>
