<Issue>
	<title>OnClickListener of BootstrapButton within BootstrapButtonGroup </title>
	<bugID> Issue #119 </bugID>
	<url>https://github.com/Bearded-Hen/Android-Bootstrap/issues/119</url>
	<labels>
		<label>bug</label>
		<label>ready_for_testing</label>
	</labels>
	<assignees>null	</assignees>
	<developer>cyrixmorten</developer>
	<commters>[cyrixmorten, hyorkim11, jamie-beardedhen, jamie-beardedhen, cyrixmorten, cyrixmorten]</commters>
	<number_commters>6</number_commters>
	<openTime>Wed Oct 28 12:54:11 CST 2015</openTime>
	<closedTime>Sat Jul 02 10:31:07 CST 2016</closedTime>
	<description>
		Any special method needed to capture click events of BootstrapButtons within BootstrapButtonGroup? Within a recycleview I have:     // vBtnFinished is a BootstrapButton
    holder.vBtnFinished.setOnClickListener(new View.OnClickListener() {
        @Override
        public void onClick(View view) {
            ToastHelper.toast(context, "finish: " + task.getClientName());
        }
    });

    // vBtnWriteReport is a regular Button
    holder.vBtnWriteReport.setOnClickListener(new View.OnClickListener() {
        @Override
        public void onClick(View view) {
            ToastHelper.toast(context, "report: " + task.getClientName());
        }
    });
 The report button 'vBtnWriteReport' fires just fine whereas 'vBtnFinished' does not. Tried every workaround I could think of including 'android:descendantFocusability="blocksDescendants"' on the root of items being inflated. On touch listener does fire .. however, multiple times it seems. Thanks in advance
	</description>
	<comment>
		I believe this is because of the way they implemented the onclick behaviors for style changes... I want to know the solution to this for my future references. Sir Jamie, we require assistance! 😄
	</comment>
	<comment>
		@cyrixmorten does this only happen when the BootstrapButton is in a BootstrapButtonGroup?
	</comment>
	<comment>
		It would also be helpful to know whether the buttonMode has been set to anything in your example code.
	</comment>
	<comment>
		I just tried moving one of the buttons outside of the BootstrapButtonGroup and now it works, so seems to have something to do with with BootstrapButtonGroup. I set buttonMode="radio" in XML (residing inside a CardView wrapped in a LinearLayout if it matters):                 <com.beardedhen.androidbootstrap.BootstrapButtonGroup
                    android:id="@+id/task_state_button_group"
                    android:layout_width="match_parent"
                    android:layout_height="wrap_content"
                    android:orientation="horizontal"
                    app:bootstrapBrand="info"
                    app:buttonMode="radio"
                    app:roundedCorners="true">


                    <com.beardedhen.androidbootstrap.BootstrapButton
                        android:id="@+id/task_state_aborted"
                        android:layout_width="wrap_content"
                        android:layout_height="wrap_content"
                        android:clickable="true"
                        android:layout_weight="1"
                        android:text="@string/event_aborted" />

                    <com.beardedhen.androidbootstrap.BootstrapButton
                        android:id="@+id/task_state_finished"
                        android:layout_width="wrap_content"
                        android:layout_height="wrap_content"
                        android:clickable="true"
                        android:layout_weight="1"
                        android:text="@string/event_finished" />
                </com.beardedhen.androidbootstrap.BootstrapButtonGroup>   
 Though, as setting these values in XML did not seem to have any effect, I also apply the setting in code: @Override
public TaskViewHolder onCreateViewHolder(ViewGroup parent, int viewType) {
    View itemView = LayoutInflater.
            from(parent.getContext()).
            inflate(R.layout.view_adapter_item_task, parent, false);

    final TaskViewHolder holder = new TaskViewHolder(itemView);

    holder.vBtnTaskGroup.setButtonMode(ButtonMode.RADIO);
    holder.vBtnTaskGroup.setShowOutline(false);
    holder.vBtnTaskGroup.setBootstrapSize(DefaultBootstrapSize.LG);

    return holder;
}
 After this appearance is correct and only the click triggering is missing.
	</comment>
	<comment>
		Whoops didn't mean to close it. I do believe that I can leave out the grouping and be fine, still an interesting issue though.
	</comment>
</Issue>
