<Issue>
	<title>Deprecated wiki </title>
	<bugID> Issue #118 </bugID>
	<url>https://github.com/Bearded-Hen/Android-Bootstrap/issues/118</url>
	<labels>
		<label>help_welcome</label>
	</labels>
	<assignees>null	</assignees>
	<developer>TheLester</developer>
	<commters>[TheLester]</commters>
	<number_commters>1</number_commters>
	<openTime>Sat Oct 17 09:59:23 CST 2015</openTime>
	<closedTime>Fri Jan 15 11:14:54 CST 2016</closedTime>
	<description>
		You should update your wiki according to version 2.0.0 - https://github.com/Bearded-Hen/Android-Bootstrap/wiki/Bootstrap-Button
	</description>
</Issue>
