<Issue>
	<title>BootstrapButton in BootstrapButtonGroup default check value </title>
	<bugID> Issue #127 </bugID>
	<url>https://github.com/Bearded-Hen/Android-Bootstrap/issues/127</url>
	<labels>
		<label>bug</label>
	</labels>
	<assignees>null	</assignees>
	<developer>azizimusa</developer>
	<commters>[azizimusa, redwerk]</commters>
	<number_commters>2</number_commters>
	<openTime>Mon Nov 16 07:05:05 CST 2015</openTime>
	<closedTime>Fri Feb 26 21:41:51 CST 2016</closedTime>
	<description>
		It seem we can't set default check value for BootstrapButton inside BootstrapButtonGroup with button mode = radio. We need to click on it first. Is there any way I can set default value for it like "android:setChecked=true"
	</description>
	<comment>
		Hi, I made a PR #137 for this issue. Now BootstrapButonGroup has an attribute for default checked item. Also BootstrapButton has an attribute that selects it in ButtonGroup in "radio" mode. Thanks!
	</comment>
</Issue>
