<Issue>
	<title>Could not set textSize on BootstrapButton via layout.xml </title>
	<bugID> Issue #163 </bugID>
	<url>https://github.com/Bearded-Hen/Android-Bootstrap/issues/163</url>
	<labels>
		<label>None yet</label>
	</labels>
	<assignees>null	</assignees>
	<developer>tmtysk</developer>
	<commters>[tmtysk, jamie-beardedhen]</commters>
	<number_commters>2</number_commters>
	<openTime>Wed May 18 07:26:58 CST 2016</openTime>
	<closedTime>Wed May 18 08:27:10 CST 2016</closedTime>
	<description>
		I could not set textSize on BootstrapButton via layout.xml: <com.beardedhen.androidbootstrap.BootstrapButton
 android:id="@+id/check_button"
 app:fontAwesomeIcon="fa_check_circle"
 app:bootstrapBrand="success"
 android:layout_width="match_parent"
 android:layout_height="match_parent"
 android:layout_weight="1"
 android:textSize="120sp" />
 but succeeded to set it via application source code: check_button.setTextSize(120.0f)
 Can I set it via lauout.xml?
	</description>
	<comment>
		The textsize of BootstrapButton is set via its bootstrapSize attribute, so this is expected behaviour when inflating the view. If you require further customisation then setting the text size programatically is the correct approach. See: https://github.com/Bearded-Hen/Android-Bootstrap/wiki/Bootstrap-Button
	</comment>
</Issue>
