<Issue>
	<title>Error GROUP for class: DefaultGroovyMavenDeployer </title>
	<bugID> Issue #139 </bugID>
	<url>https://github.com/Bearded-Hen/Android-Bootstrap/issues/139</url>
	<labels>
		<label>None yet</label>
	</labels>
	<assignees>null	</assignees>
	<developer>waewta</developer>
	<commters>[waewta]</commters>
	<number_commters>1</number_commters>
	<openTime>Mon Dec 28 08:16:57 CST 2015</openTime>
	<closedTime>Tue Dec 29 10:45:21 CST 2015</closedTime>
	<description>
		I'd been assign a project from previous developer who already resign. The project require "Android-Bootstrap ". After I download Bearded-Hen/Android-Bootstrap and import module I got an error like this>>>> Error:No such property: GROUP for class: org.gradle.api.publication.maven.internal.ant.DefaultGroovyMavenDeployer I'm a Newbie in android can anyone help me please :'( how to solve this. There's someone told me to comment this line>>>> "apply from: 'https://raw.github.com/twotoasters/gradle-mvn-push/master/gradle-mvn-push.gradle'" but in my project I cant see anything like that .
	</description>
</Issue>
