<Issue>
	<title>AwesomeTextView doesn't render icon's name with underscores </title>
	<bugID> Issue #120 </bugID>
	<url>https://github.com/Bearded-Hen/Android-Bootstrap/issues/120</url>
	<labels>
		<label>bug</label>
	</labels>
	<assignees>null	</assignees>
	<developer>AlexanderKaraberov</developer>
	<commters>[AlexanderKaraberov, jamie-beardedhen, redwerk]</commters>
	<number_commters>3</number_commters>
	<openTime>Wed Nov 04 18:35:13 CST 2015</openTime>
	<closedTime>Mon Nov 30 09:52:11 CST 2015</closedTime>
	<description>
		When I'm trying to set FA icon for AwesomeTextView like this awesomeTextView.setFontAwesomeIcon("fa-group"); it renders null. But this works: awesomeTextView.setFontAwesomeIcon("fa_group"); What is the purpose of these changes? In the previous versions it worked fine with underscores in the name. FA docs also use this notation P.S. Or maybe I missed description of these changes somewhere in the README?
	</description>
	<comment>
		Font Icons can now be specified as an XML enum attribute, and Android doesn't allow hyphens in value names: https://github.com/Bearded-Hen/Android-Bootstrap/blob/master/AndroidBootstrap/src/main/res/values/attrs_font_awesome.xml I'm marking this as a bug when the icon is a literal like "fa-group", as the library should be able to substitute the hyphen for an underscore.
	</comment>
	<comment>
		Hi, There is a pull request for this - #122 Thanks!
	</comment>
</Issue>
