<Issue>
	<title>Use custom color in AwesomeTextView </title>
	<bugID> Issue #126 </bugID>
	<url>https://github.com/Bearded-Hen/Android-Bootstrap/issues/126</url>
	<labels>
		<label>question</label>
	</labels>
	<assignees>null	</assignees>
	<developer>azizimusa</developer>
	<commters>[azizimusa, jamie-beardedhen]</commters>
	<number_commters>2</number_commters>
	<openTime>Sat Nov 14 02:22:33 CST 2015</openTime>
	<closedTime>Mon Nov 30 09:52:15 CST 2015</closedTime>
	<description>
		How do i use my own color in AwesomeTextView? I tried with android:textColor but no go.
	</description>
	<comment>
		You can change the color by setting the BootstrapBrand to a custom implementation. Currently this can be done programmatically. See the BootstrapButton sample code for an example (the same principle applies to AwesomeTextView). Also beware of #125, the sample code will be updated to reflect this shortly
	</comment>
</Issue>
