<Issue>
	<title>BootsrapButton Group (ButtonMode RADIO) no selection listener </title>
	<bugID> Issue #164 </bugID>
	<url>https://github.com/Bearded-Hen/Android-Bootstrap/issues/164</url>
	<labels>
		<label>enhancement</label>
		<label>ready_for_testing</label>
	</labels>
	<assignees>null	</assignees>
	<developer>kisese</developer>
	<commters>[kisese]</commters>
	<number_commters>1</number_commters>
	<openTime>Mon May 23 16:47:56 CST 2016</openTime>
	<closedTime>Sat Jul 02 10:30:41 CST 2016</closedTime>
	<description>
		Hi, I was facing an issue with selecting gender using a button group of two buttons, I had to resort to the following method. gender_group.setButtonMode(ButtonMode.RADIO);
    male_btn.setOnTouchListener(new View.OnTouchListener() {
        @Override
        public boolean onTouch(View v, MotionEvent event) {
            Log.e("gender", "Male");
            return false;
        }
    });
 Is there a better way to do this?
	</description>
</Issue>
