<Issue>
	<title>Package name </title>
	<bugID> Issue #5 </bugID>
	<url>https://github.com/Bearded-Hen/Android-Bootstrap/issues/5</url>
	<labels>
		<label>None yet</label>
	</labels>
	<assignees>null	</assignees>
	<developer>psafx</developer>
	<commters>[psafx, Sovietaced, daniellevass]</commters>
	<number_commters>3</number_commters>
	<openTime>Wed Nov 13 02:22:08 CST 2013</openTime>
	<closedTime>Fri Nov 15 17:31:30 CST 2013</closedTime>
	<description>
		From the src it's com.beardedhen.bbutton But in the example it called package com.beardedhen.androidbootstrap
	</description>
	<comment>
		
	</comment>
	<comment>
		Hi psafx. Have updated Android Bootstrap fix the package names - does mean you need to delete any Android Bootstrap imports and re-import them, and change the component package names in any layout files. Thanks for highlighting the issue!
	</comment>
</Issue>
