<Issue>
	<title>BootstrapButton </title>
	<bugID> Issue #107 </bugID>
	<url>https://github.com/Bearded-Hen/Android-Bootstrap/issues/107</url>
	<labels>
		<label>bug</label>
	</labels>
	<assignees>null	</assignees>
	<developer>patryk0493</developer>
	<commters>[patryk0493, jamie-beardedhen, jamie-beardedhen]</commters>
	<number_commters>3</number_commters>
	<openTime>Fri Aug 14 08:20:14 CST 2015</openTime>
	<closedTime>Thu Oct 08 13:29:12 CST 2015</closedTime>
	<description>
		Hi, I'd like to use BootstrapButton feature and using my own font, but I can't do method setTypeface(TypeFace tf) on object BootstrapButton. How to solve problem ?
	</description>
	<comment>
		BootstrapButton is currently a compound view consisting of 2 FontAwesomeTexts & 1 TextView, which means it doesn't inherit TextView messages. As a workaround you could use reflection to access the TextView and set the typeface from there (or use the Caligraphy library to set a default font through your application).
	</comment>
	<comment>
		Fixed in 2.0.0
	</comment>
</Issue>
