<Issue>
	<title>"Success" button uses an Apple icon instead of the Android logo </title>
	<bugID> Issue #1 </bugID>
	<url>https://github.com/Bearded-Hen/Android-Bootstrap/issues/1</url>
	<labels>
		<label>None yet</label>
	</labels>
	<assignees>null	</assignees>
	<developer>ChimeraCoder</developer>
	<commters>[ChimeraCoder, kwent, zzz6519003]</commters>
	<number_commters>3</number_commters>
	<openTime>Sun Nov 10 22:23:07 CST 2013</openTime>
	<closedTime>Mon Nov 11 10:39:22 CST 2013</closedTime>
	<description>
		(I'm assuming this is an oversight, and not meant as some subtle joke)
	</description>
	<comment>
		This is funny XD
	</comment>
	<comment>
		why so serious
	</comment>
</Issue>
