<Issue>
	<title>Gradle update, Maven </title>
	<bugID> Issue #49 </bugID>
	<url>https://github.com/Bearded-Hen/Android-Bootstrap/issues/49</url>
	<labels>
		<label>None yet</label>
	</labels>
	<assignees>null	</assignees>
	<developer>simonides</developer>
	<commters>[simonides, redthi, cesarferreira, Onra, jamie-beardedhen]</commters>
	<number_commters>5</number_commters>
	<openTime>Thu May 15 15:41:22 CST 2014</openTime>
	<closedTime>Wed Oct 15 15:44:44 CST 2014</closedTime>
	<description>
		Could you update to a more recent build of gradle? Could you check it in into Maven?
	</description>
	<comment>
		is possible to use with gradle?
	</comment>
	<comment>
		@redthi and @fridolin69 I created a gradle version, you can check it here: https://github.com/cesarferreira/Android-Bootstrap
	</comment>
	<comment>
		@cesarferreira Thx for that fork 👍
	</comment>
	<comment>
		it should now be possible to use the project with gradle (tested on latest version of Android studio) - closing issue
	</comment>
</Issue>
