<Issue>
	<title>Horizontal BootstrapButtonGroup Width and Height problem with different Text Length </title>
	<bugID> Issue #174 </bugID>
	<url>https://github.com/Bearded-Hen/Android-Bootstrap/issues/174</url>
	<labels>
		<label>None yet</label>
	</labels>
	<assignees>null	</assignees>
	<developer>khalid-mahmood</developer>
	<commters>[khalid-mahmood, jamie-beardedhen]</commters>
	<number_commters>2</number_commters>
	<openTime>Mon Aug 01 11:54:49 CST 2016</openTime>
	<closedTime>Mon Aug 01 12:00:28 CST 2016</closedTime>
	<description>
		How i can set equal height and width for each button i have 3 button with different text length ?
	</description>
	<comment>
		https://developer.android.com/guide/topics/ui/layout/linear.html
	</comment>
</Issue>
