<Issue>
	<title>Using with ActionBarSherlock error </title>
	<bugID> Issue #3 </bugID>
	<url>https://github.com/Bearded-Hen/Android-Bootstrap/issues/3</url>
	<labels>
		<label>None yet</label>
	</labels>
	<assignees>null	</assignees>
	<developer>theDazzler</developer>
	<commters>[theDazzler, psafx, daniellevass]</commters>
	<number_commters>3</number_commters>
	<openTime>Tue Nov 12 22:53:10 CST 2013</openTime>
	<closedTime>Fri Nov 15 17:33:39 CST 2013</closedTime>
	<description>
		Using Android-Bootstrap with actionBarSherlock gives this error as soon as bootstrap is added to main project. error message: actionbarsherlock\res\values\abs__attrs.xml:217: error: Attribute "icon" has already been defined I renamed the name "icon" in attrs.xml to "bootstrap_icon" to get it to work in my project. This might be something that needs changing
	</description>
	<comment>
		It's FontAwesomeText related, I renamed it to icon_fa. Code write with a lot of tab that should convert to space if we follow Google's Android style guide. http://source.android.com/source/code-style.html
	</comment>
	<comment>
		Hi theDazzler - apparently using namespaces doesn't actually do anything in the layout files. I've uploaded a major update which prefixes all Bootstrap Buttons with "bb_" and all Font Awesome Texts with "fa_" - hopefully that should mean it won't be a problem in future. Also fixed a few other issues so please check the readme document before updating :) Thanks for pointing out the issue though, was something I would have never found myself!
	</comment>
</Issue>
