<Issue>
	<title>BootstrapEditText about android:textAppearance </title>
	<bugID> Issue #71 </bugID>
	<url>https://github.com/Bearded-Hen/Android-Bootstrap/issues/71</url>
	<labels>
		<label>None yet</label>
	</labels>
	<assignees>null	</assignees>
	<developer>smay1227</developer>
	<commters>[smay1227, jamie-beardedhen, smay1227]</commters>
	<number_commters>3</number_commters>
	<openTime>Thu Dec 04 03:24:12 CST 2014</openTime>
	<closedTime>Fri Dec 05 02:19:13 CST 2014</closedTime>
	<description>
		Thank you for your great work I wanna change the size of the words in the BootstrapEditText, but it seems that the textAppearance is not work. Forgive my poor English. Keep the great work.
	</description>
	<comment>
		Have you tried using the android:textSize attribute instead? I don't think textAppearance is currently supported by any of the Bootstrap views.
	</comment>
	<comment>
		It works, thanks for you reply.
	</comment>
</Issue>
