<Issue>
	<title>BootstrapButton not clickable when bootstrapSize set to LG </title>
	<bugID> Issue #159 </bugID>
	<url>https://github.com/Bearded-Hen/Android-Bootstrap/issues/159</url>
	<labels>
		<label>None yet</label>
	</labels>
	<assignees>null	</assignees>
	<developer>MC0212</developer>
	<commters>[MC0212, sangrime, daniftodi, andgeno, afan2009, toantonyh, jamie-beardedhen]</commters>
	<number_commters>7</number_commters>
	<openTime>Thu Apr 21 09:40:02 CST 2016</openTime>
	<closedTime>Sat Jul 02 10:31:42 CST 2016</closedTime>
	<description>
		When I declare a BootstrapButton in XML with attribute app:bootstrapSize="lg", the button is not clickable either by ButterKnife's onClick binding or by manually set the OnClickListener. When I remove the line app:bootstrapSize="lg", everything becomes normal.
	</description>
	<comment>
		In case of me, If i set app:bootstrapSize value, every button is not working. I think it's not only "lg" problem.
	</comment>
	<comment>
		I have the same problem with any app:bootstrapSize
	</comment>
	<comment>
		I can confirm problems with app:bootstrapSize, too. It seems that only 'xs' and 'xl' do work properly.
	</comment>
	<comment>
		Got the same problems. Is it fixed? PS: 'android:enabled' is not available with 'lg' set.
	</comment>
	<comment>
		OnClickListener doesn't work for me when I set app:bootstrapSize to md, lg, and sm. OnClickListener DOES work for me when I set app:bootstrapSize to xl or xs. It also works when I just don't use app:bootstrapSize. The device I'm testing it on is the Motorola Nexus 6.
	</comment>
	<comment>
		This should be fixed in PR #168 If this is essential to your usecase, please test out the PR, otherwise a release will be uploaded to Maven Central when I get a spare minute
	</comment>
</Issue>
