<Issue>
	<title>can i use font awesome texts as AppCompat menu item icons ? </title>
	<bugID> Issue #73 </bugID>
	<url>https://github.com/Bearded-Hen/Android-Bootstrap/issues/73</url>
	<labels>
		<label>None yet</label>
	</labels>
	<assignees>null	</assignees>
	<developer>hatimox</developer>
	<commters>[hatimox, jamie-beardedhen]</commters>
	<number_commters>2</number_commters>
	<openTime>Thu Dec 11 21:14:07 CST 2014</openTime>
	<closedTime>Mon Dec 22 10:13:18 CST 2014</closedTime>
	<description>
		hello , i was thinkng if i can use font awesome texts as icons for my menu item , please can you help me with that ? thanks
	</description>
	<comment>
		You can display an icon wherever it's possible to inflate the FontAwesomeText view. I assume with the AppCompat menu you have the option of either overriding a getView() type function that inflates a layout, or adding a custom view. I'm not that familiar with the Appcompat menu so hopefully that is enough help. If you come up with a solution/roadblock let us know as there's the chance someone else will find it useful.
	</comment>
</Issue>
