<Issue>
	<title>Text Can't Be Aligned Top & Left </title>
	<bugID> Issue #115 </bugID>
	<url>https://github.com/Bearded-Hen/Android-Bootstrap/issues/115</url>
	<labels>
		<label>bug</label>
	</labels>
	<assignees>null	</assignees>
	<developer>XinwenCheng</developer>
	<commters>[XinwenCheng, jamie-beardedhen, redwerk]</commters>
	<number_commters>3</number_commters>
	<openTime>Mon Nov 23 16:24:05 CST 2015</openTime>
	<closedTime>Mon Nov 30 09:52:53 CST 2015</closedTime>
	<description>
		Hi, I'm not sure if this is an issue, but I didn't find solution from Internet and your sample code yet. As you can check the situation from above screenshot, when I set singleLine to false, and gravity to top or top|left, chartacters in edit text is still strat from left and vertical center, even I set textAlignment to gravity, it still doesn't work. Would you please help to check this? Thanks very much!
	</description>
	<comment>
		This line is the issue, it automatically sets gravity to center_vertical. As a workaround you can call setGravity() until a new release gets pushed.
	</comment>
	<comment>
		Hi, There is a pull request for this - #121 Thanks!
	</comment>
</Issue>
