<Issue>
	<title>Error on statement... App Crashes </title>
	<bugID> Issue #116 </bugID>
	<url>https://github.com/Bearded-Hen/Android-Bootstrap/issues/116</url>
	<labels>
		<label>clarification_needed</label>
	</labels>
	<assignees>null	</assignees>
	<developer>nicknagi</developer>
	<commters>[nicknagi, hyorkim11, jamie-beardedhen, nicknagi, jamie-beardedhen, nicknagi, nicknagi, jamie-beardedhen, jamie-beardedhen, krzysiek-zgondek, jamie-beardedhen, krzysiek-zgondek]</commters>
	<number_commters>12</number_commters>
	<openTime>Fri Oct 09 18:39:18 CST 2015</openTime>
	<closedTime>Tue Dec 01 14:01:10 CST 2015</closedTime>
	<description>
		bLabel1 = (BootstrapButton)findViewById(R.id.bLabel1); bLabel2 = (BootstrapButton)findViewById(R.id.bLabel2); bLabel3 = (BootstrapButton)findViewById(R.id.bLabel3); bLabel1.setFontAwesomeIcon("fa_times"); on the last statement the app crashes.. ie, bLabel1.setFontAwesomeIcon("fa_times"); throws an android runtime exception
	</description>
	<comment>
		we're gonna need more info on your code to help you can you paste the logcat output atleast? :P
	</comment>
	<comment>
		Have you followed the instructions in the README? TypefaceProvider.registerDefaultIconSets();
	</comment>
	<comment>
		TypefaceProvider.registerDefaultIconSets(); That did remove all errors. But, now no icon appears in my button. Earlier when I used bootstrap:bb_icon_right="fa-times" it used to work but now when I use app:fontAwesomeIcon="fa_times" OR bLabel1.setFontAwesomeIcon("fa_times"); No icon of any sort is shown. What i want is a 'X' sign towards the right side of the button.
	</comment>
	<comment>
		Please post XML & relevant code
	</comment>
	<comment>
		<com.beardedhen.androidbootstrap.BootstrapButton
    android:layout_width="100dp"
    android:layout_height="50dp"
    android:text="b"
    app:bootstrapBrand="primary"
    app:roundedCorners="true"
    app:fontAwesomeIcon="fa_times"
    android:id="@+id/bLabel2"
    android:onClick="RemoveContact"
    android:layout_alignTop="@+id/bLabel1"
    android:layout_toRightOf="@+id/bLabel1"
    android:layout_toEndOf="@+id/bLabel1"
    android:layout_marginLeft="16dp" />

<com.beardedhen.androidbootstrap.BootstrapButton
    android:layout_width="wrap_content"
    android:layout_height="50dp"
    android:text=".. 5 more"
    app:bootstrapBrand="primary"
    app:roundedCorners="true"
    app:fontAwesomeIcon="fa_times"
    android:id="@+id/bLabel3"
    android:layout_alignTop="@+id/bLabel1"
    android:layout_toRightOf="@+id/bLabel2"
    android:layout_toEndOf="@+id/bLabel2"
    android:layout_marginLeft="16dp"
    android:onClick="ShowList" />
 This is the XML code. Trying it during runtime doesn't make a difference either.     bLabel1 = (BootstrapButton)findViewById(R.id.bLabel1);
    bLabel2 = (BootstrapButton)findViewById(R.id.bLabel2);
    bLabel3 = (BootstrapButton)findViewById(R.id.bLabel3);
    bLabel1.setFontAwesomeIcon("fa_times");
	</comment>
	<comment>
		Can anyone help me with this issue ?
	</comment>
	<comment>
		@nicknagi please post the Logcat output
	</comment>
	<comment>
		Closing as not reproducible
	</comment>
	<comment>
		Have same problem. Additionally i can input i.e. "{fa_android} text text" into bootstraptext and it works correctly.
	</comment>
	<comment>
		@krzysiek-zgondek please open a new issue if you can reproduce a problem, with logcat output & code sample
	</comment>
	<comment>
		well i'm working on it right now, so i will post new issue with or without solution after i give up
	</comment>
</Issue>
