<Issue>
	<title>Hoping icon stacking can be use with this plugin </title>
	<bugID> Issue #105 </bugID>
	<url>https://github.com/Bearded-Hen/Android-Bootstrap/issues/105</url>
	<labels>
		<label>None yet</label>
	</labels>
	<assignees>null	</assignees>
	<developer>azizimusa</developer>
	<commters>[azizimusa, jamie-beardedhen]</commters>
	<number_commters>2</number_commters>
	<openTime>Tue Aug 11 04:28:46 CST 2015</openTime>
	<closedTime>Thu Oct 08 13:31:29 CST 2015</closedTime>
	<description>
		We can use stack like this with html css <span class="fa-stack fa-lg">
  <i class="fa fa-square-o fa-stack-2x"></i>
  <i class="fa fa-twitter fa-stack-1x"></i>
</span>
 Hope can use the same technique with this plugin.
	</description>
	<comment>
		I'm not familiar with HTML/CSS, does that code snippet just super-impose one icon on top of another? If that's the case, you could use a FrameLayout to achieve a similar effect.
	</comment>
</Issue>
