<Issue>
	<title>BootstrapCircleThumbnail custom size </title>
	<bugID> Issue #100 </bugID>
	<url>https://github.com/Bearded-Hen/Android-Bootstrap/issues/100</url>
	<labels>
		<label>enhancement</label>
	</labels>
	<assignees>null	</assignees>
	<developer>sebitoelcheater</developer>
	<commters>[sebitoelcheater, jamie-beardedhen, jamie-beardedhen]</commters>
	<number_commters>3</number_commters>
	<openTime>Fri Jul 03 02:58:22 CST 2015</openTime>
	<closedTime>Thu Oct 08 13:24:31 CST 2015</closedTime>
	<description>
		Now you can just set "small medium large xlarge" as bct_size. Could you please make more options, or let this option be an integer? And please, could you let us set the white rounded margin? Thank you guys! You did an amazing job.
	</description>
	<comment>
		This is in the works, in the meantime there are other libraries available which allow wrapping content e.g. CircleImageView
	</comment>
	<comment>
		Fixed in 2.0.0
	</comment>
</Issue>
