<Issue>
	<title>I can't run your project - Manifest merger failed with multiple errors </title>
	<bugID> Issue #158 </bugID>
	<url>https://github.com/Bearded-Hen/Android-Bootstrap/issues/158</url>
	<labels>
		<label>None yet</label>
	</labels>
	<assignees>null	</assignees>
	<developer>tosinonikute</developer>
	<commters>[tosinonikute]</commters>
	<number_commters>1</number_commters>
	<openTime>Mon Apr 11 13:27:47 CST 2016</openTime>
	<closedTime>Mon Apr 11 13:29:53 CST 2016</closedTime>
	<description>
		I can't run your project It keeps telling me Error:Execution failed for task ':app:processDebugManifest'. Manifest merger failed with multiple errors, see logs Please help!
	</description>
</Issue>
