<Issue>
	<title>BootstrapButton extends Button </title>
	<bugID> Issue #28 </bugID>
	<url>https://github.com/Bearded-Hen/Android-Bootstrap/issues/28</url>
	<labels>
		<label>None yet</label>
	</labels>
	<assignees>null	</assignees>
	<developer>theDazzler</developer>
	<commters>[theDazzler, jamie-beardedhen]</commters>
	<number_commters>2</number_commters>
	<openTime>Thu Dec 12 03:47:06 CST 2013</openTime>
	<closedTime>Tue Oct 21 09:04:27 CST 2014</closedTime>
	<description>
		BootstrapButton extends button. One thing I forgot to add is the default sized buttons like "small", "large", etc. I will add it if you decide you want this change.
	</description>
	<comment>
		Closing as there are no current plans to switch to extending button.
	</comment>
</Issue>
