<Issue>
	<title>BootStrapButton click Problem </title>
	<bugID> Issue #38 </bugID>
	<url>https://github.com/Bearded-Hen/Android-Bootstrap/issues/38</url>
	<labels>
		<label>None yet</label>
	</labels>
	<assignees>null	</assignees>
	<developer>rebwar</developer>
	<commters>[rebwar, theDazzler, jamie-beardedhen]</commters>
	<number_commters>3</number_commters>
	<openTime>Sat Jan 25 18:28:52 CST 2014</openTime>
	<closedTime>Tue Oct 14 16:19:15 CST 2014</closedTime>
	<description>
		hi everyone, i have some issue to use BootStarpButton onclickListner here is my code,when i run the app it's crushed. BootstrapButton btn2=(BootstrapButton) findViewById(R.id.button2); //btn2.setText("1111"); btn2.setOnClickListener(new OnClickListener() {         @Override
        public void onClick(View arg0) {
            // TODO Auto-generated method stub
            Intent nextscreen=new Intent(getActivity().getApplicationContext(),Mellipage.class);
            startActivity(nextscreen);

        }
    });
 if anyone know how can i fix it pleas share it.
	</description>
	<comment>
		First, does the clicking part work? Your app could be crashing because of your intent and starting the next activity. Try this to make sure it is detecting the button being clicked btn2.setOnClickListener(new OnClickListener() {

        @Override
        public void onClick(View arg0) {
            Log.v("test", "button clicked!");

        }
    });
	</comment>
	<comment>
		closing as issue not related to bootstrap code
	</comment>
</Issue>
