<Issue>
	<title>Changing the label brand programmatically </title>
	<bugID> Issue #135 </bugID>
	<url>https://github.com/Bearded-Hen/Android-Bootstrap/issues/135</url>
	<labels>
		<label>None yet</label>
	</labels>
	<assignees>null	</assignees>
	<developer>theunreal</developer>
	<commters>[theunreal, jamie-beardedhen]</commters>
	<number_commters>2</number_commters>
	<openTime>Tue Dec 15 18:40:48 CST 2015</openTime>
	<closedTime>Wed Dec 16 10:02:14 CST 2015</closedTime>
	<description>
		Is it possible to change toe brand label from "success" to "danger" programmatically?
	</description>
	<comment>
		Yes, check the sample code for examples.
	</comment>
</Issue>
