<Issue>
	<title>Setting custom adapter for dropdown menu </title>
	<bugID> Issue #154 </bugID>
	<url>https://github.com/Bearded-Hen/Android-Bootstrap/issues/154</url>
	<labels>
		<label>question</label>
	</labels>
	<assignees>null	</assignees>
	<developer>TekiLakshmanSundeep</developer>
	<commters>[TekiLakshmanSundeep, jamie-beardedhen]</commters>
	<number_commters>2</number_commters>
	<openTime>Tue Mar 22 11:28:22 CST 2016</openTime>
	<closedTime>Thu Apr 07 19:56:18 CST 2016</closedTime>
	<description>
		How to set a custom adapter in a dropdown menu
	</description>
	<comment>
		You should follow the approach below: String[] myValues;
myDropdown.setDropdownData(myValues);
	</comment>
</Issue>
