<Issue>
	<title>Theme.AppCompat issue </title>
	<bugID> Issue #103 </bugID>
	<url>https://github.com/Bearded-Hen/Android-Bootstrap/issues/103</url>
	<labels>
		<label>None yet</label>
	</labels>
	<assignees>null	</assignees>
	<developer>msneujink</developer>
	<commters>[msneujink, jamie-beardedhen, msneujink, msneujink, jamie-beardedhen, msneujink]</commters>
	<number_commters>6</number_commters>
	<openTime>Thu Jul 23 07:23:05 CST 2015</openTime>
	<closedTime>Thu Jul 23 11:43:59 CST 2015</closedTime>
	<description>
		When i add the bootstrap dependancy in my build.gradle (compile 'com.beardedhen:androidbootstrap:+')my app won't start anymore. I get the following error: You need to use a Theme.AppCompat theme (or descendant) with this activity. Although my activity is actually using the AppCompatActivity public class LoginActivity extends AppCompatActivity { My main theme: <style name="AppBaseTheme" parent="Theme.AppCompat.Light.DarkActionBar"> What's wrong here?
	</description>
	<comment>
		The only thing I can think of is that the library appears to have a few unnecessary styles XML files, which are using Holo. If you don't have an overriding resource defined in your module, your app will automatically use the library's files. It'd be great if you could test this out (by adding the library as a module & deleting the styles files). I'll try and find some spare time to deploy a fixed release if this is the case.
	</comment>
	<comment>
		Thanks, i will test this. I will report my findings here.
	</comment>
	<comment>
		I fixed it by deleting the values-v11 and values-v14 resource folders. It's working properly now 👍
	</comment>
	<comment>
		Thanks for the PR. Closing, an updated artifact should be available shortly.
	</comment>
	<comment>
		great! thanks
	</comment>
</Issue>
