<Issue>
	<title>BootstrapButton </title>
	<bugID> Issue #14 </bugID>
	<url>https://github.com/Bearded-Hen/Android-Bootstrap/issues/14</url>
	<labels>
		<label>None yet</label>
	</labels>
	<assignees>null	</assignees>
	<developer>SyedWasiHaider</developer>
	<commters>[SyedWasiHaider, daniellevass, theDazzler, theDazzler, jamie-beardedhen]</commters>
	<number_commters>5</number_commters>
	<openTime>Mon Dec 02 03:52:04 CST 2013</openTime>
	<closedTime>Tue Oct 21 09:03:46 CST 2014</closedTime>
	<description>
		Hi there, Just had a few questions: Why does the BootstrapButton not extend the Button class? Wouldn't this make more sense since people who have existing code with buttons only have to change the layout and all their function calls to their buttons still work. Perhaps I am missing something? Thanks.
	</description>
	<comment>
		Can you add three text views to a button? This is something I need to investigate a bit further first. When I started, I thought all custom components had to extend from a Frame Layout. I've learnt a lot more from creating the Edit Texts. Thanks for your input, I'll look into what I can do for the next release.
	</comment>
	<comment>
		What functionality do you need from the Button class? I'm curious.
	</comment>
	<comment>
		The branch I am working on now has the BootstrapButton extending Button as well as many other features such as gradient buttons and some typography stuff. I haven't pushed it yet because it was originally just an experimental branch and I have made many changes to the base code. I changed button colors and filenames as well and added styles and a theme. I'll push the branch later tonight to my fork so people can check it out. I don't know if Bearded-Hen wants these changes, but I just wanted to experiment.
	</comment>
	<comment>
		We don't currently have any plans to extend Button as this would be quite a change at this point. If there is any functionality that is missing from the current approach then please raise a separate ticket.
	</comment>
</Issue>
