<Issue>
	<title>AwesomeTextView "android:clickable" cannot be set to false within XML </title>
	<bugID> Issue #155 </bugID>
	<url>https://github.com/Bearded-Hen/Android-Bootstrap/issues/155</url>
	<labels>
		<label>bug</label>
		<label>ready_for_testing</label>
	</labels>
	<assignees>null	</assignees>
	<developer>TediPapajorgji</developer>
	<commters>[TediPapajorgji, jamie-beardedhen, ademcayir, jamie-beardedhen]</commters>
	<number_commters>4</number_commters>
	<openTime>Wed Apr 06 20:35:25 CST 2016</openTime>
	<closedTime>Sat Jul 02 10:30:28 CST 2016</closedTime>
	<description>
		When setting the property "android:clickable" to false for an AwesomeTextView through XML, the AwesomeTextView remains clickable. The only way to set AwesomeTextView to non-clickable is through the method .setClickable(false); inside the activity.
	</description>
	<comment>
		This line seems to be causing the issue. I believe this default value of true might be required for subclasses like BootstrapButton to display visual feedback for presses, although the correct behaviour would be for the XML attribute to override that default value. setClickable(true); // allows view to reach android:state_pressed
	</comment>
	<comment>
		this is very annoying
	</comment>
	<comment>
		Feel free to make a pull request if the issue is blocking your usecases. You would need to check whether android:clickable is in the XML attributes, and if so use that rather than always setting clickable to true.
	</comment>
</Issue>
