<Issue>
	<title>Font icons View </title>
	<bugID> Issue #178 </bugID>
	<url>https://github.com/Bearded-Hen/Android-Bootstrap/issues/178</url>
	<labels>
		<label>None yet</label>
	</labels>
	<assignees>null	</assignees>
	<developer>khalid-mahmood</developer>
	<commters>[khalid-mahmood, JianxunRao, jamie-beardedhen]</commters>
	<number_commters>3</number_commters>
	<openTime>Tue Aug 23 10:37:06 CST 2016</openTime>
	<closedTime>Fri Sep 02 07:12:36 CST 2016</closedTime>
	<description>
		Can You Generate Icons View for reference in sample app like https://github.com/mikepenz/Android-Iconics
	</description>
	<comment>
		The icons used in Android-Bootstrap are from "/assets/typicons-v207.ttf" and "/assets/MaterialIcons-Regular.ttf".And all typicons are available for reference in http://www.typicons.com/ @khalid-mahmood
	</comment>
	<comment>
		You can also create use other fonts by following these instructions: https://github.com/Bearded-Hen/Android-Bootstrap/blob/master/ADD_FONT.md
	</comment>
</Issue>
