<Issue>
	<title>Didn't use the BootstrapButton's ButtonMode checkbox </title>
	<bugID> Issue #162 </bugID>
	<url>https://github.com/Bearded-Hen/Android-Bootstrap/issues/162</url>
	<labels>
		<label>enhancement</label>
		<label>ready_for_testing</label>
	</labels>
	<assignees>null	</assignees>
	<developer>viviant1224</developer>
	<commters>[viviant1224]</commters>
	<number_commters>1</number_commters>
	<openTime>Tue May 17 08:50:38 CST 2016</openTime>
	<closedTime>Sat Jul 02 10:30:58 CST 2016</closedTime>
	<description>
		When I use BootstrapButton in my project,if I set the Button's buttonMode is checkbox,What should I do in the code.Because I didn't find "setOnCheckedChangeListener" this method.
	</description>
</Issue>
