<Issue>
	<title>BootstrapCircleThumbnail border color </title>
	<bugID> Issue #179 </bugID>
	<url>https://github.com/Bearded-Hen/Android-Bootstrap/issues/179</url>
	<labels>
		<label>None yet</label>
	</labels>
	<assignees>null	</assignees>
	<developer>antoniomerlin</developer>
	<commters>[antoniomerlin, jamie-beardedhen, antoniomerlin]</commters>
	<number_commters>3</number_commters>
	<openTime>Tue Sep 13 20:28:12 CST 2016</openTime>
	<closedTime>Wed Sep 14 07:52:30 CST 2016</closedTime>
	<description>
		Can we change the BootstrapCircleThumbnail border color ?
	</description>
	<comment>
		Yes, by implementing your own BootstrapBrand, which uses the colours you desire: https://github.com/Bearded-Hen/Android-Bootstrap/wiki#custom-themes You can then set the BootstrapBrand programmatically on the BootstrapThumbnail. I believe there is an example for doing this on a BootstrapButton in the sample application, the same principle applies to Thumbnails.
	</comment>
	<comment>
		After implementing custom style stille their is white border surrounding the image: `profile_pic.setBootstrapBrand(new BootstrapBrand() {         @ColorInt private final int defaultFill = Color.rgb(255,207,6);
        @ColorInt private final int defaultEdge = Color.rgb(255,207,6);
        @ColorInt private final int defaultTextColor = Color.rgb(255,207,6);
        @ColorInt private final int activeFill = Color.rgb(255,207,6);
        @ColorInt private final int activeEdge = Color.rgb(255,207,6);
        @ColorInt private final int activeTextColor = Color.rgb(255,207,6);
        @ColorInt private final int disabledFill = Color.rgb(255,207,6);
        @ColorInt private final int disabledEdge = Color.rgb(255,207,6);
        @ColorInt private final int disabledTextColor = Color.rgb(255,207,6);

        @Override
        public int defaultFill(Context context) {
            return defaultFill;
        }

        @Override
        public int defaultEdge(Context context) {
            return defaultEdge;
        }

        @Override
        public int defaultTextColor(Context context) {
            return defaultTextColor;
        }

        @Override
        public int activeFill(Context context) {
            return activeFill;
        }

        @Override
        public int activeEdge(Context context) {
            return activeEdge;
        }

        @Override
        public int activeTextColor(Context context) {
            return activeTextColor;
        }

        @Override
        public int disabledFill(Context context) {
            return disabledFill;
        }

        @Override
        public int disabledEdge(Context context) {
            return disabledEdge;
        }

        @Override
        public int disabledTextColor(Context context) {
            return disabledTextColor;
        }
    });`
	</comment>
</Issue>
