<Issue>
	<title>change image of bootstrapCircleThumbnail </title>
	<bugID> Issue #102 </bugID>
	<url>https://github.com/Bearded-Hen/Android-Bootstrap/issues/102</url>
	<labels>
		<label>None yet</label>
	</labels>
	<assignees>null	</assignees>
	<developer>abbasfisal</developer>
	<commters>[abbasfisal, jamie-beardedhen]</commters>
	<number_commters>2</number_commters>
	<openTime>Mon Jul 20 12:57:11 CST 2015</openTime>
	<closedTime>Mon Jul 20 13:02:30 CST 2015</closedTime>
	<description>
		how can i change the image of bootstrapCircleThumbnail programatically by web url??
	</description>
	<comment>
		Download the image, then call this method: public void setImage(Bitmap bitmap) If you encounter a bug in the library when attempting to do this, please raise a separate issue.
	</comment>
</Issue>
