<Issue>
	<title>Borderless button </title>
	<bugID> Issue #40 </bugID>
	<url>https://github.com/Bearded-Hen/Android-Bootstrap/issues/40</url>
	<labels>
		<label>None yet</label>
	</labels>
	<assignees>null	</assignees>
	<developer>CristianSarac</developer>
	<commters>[CristianSarac, jamie-beardedhen]</commters>
	<number_commters>2</number_commters>
	<openTime>Fri Feb 14 19:41:24 CST 2014</openTime>
	<closedTime>Tue Oct 14 16:34:28 CST 2014</closedTime>
	<description>
		Is it possible to remove the borders from a button ?
	</description>
	<comment>
		Hi @axel19ro, A BootstrapButton has padding by default - if you wanted to disable this value you could edit bootstrap_button.xml in the library.
	</comment>
</Issue>
