<Issue>
	<title>Error:Failed to resolve: com.android.support:support-annotations:23.1.1 </title>
	<bugID> Issue #142 </bugID>
	<url>https://github.com/Bearded-Hen/Android-Bootstrap/issues/142</url>
	<labels>
		<label>None yet</label>
	</labels>
	<assignees>null	</assignees>
	<developer>abbasfisal</developer>
	<commters>[abbasfisal, SelimEmre, IgorGanapolsky, jamie-beardedhen]</commters>
	<number_commters>4</number_commters>
	<openTime>Mon Jan 18 19:53:23 CST 2016</openTime>
	<closedTime>Mon Feb 01 10:34:20 CST 2016</closedTime>
	<description>
		when i add your dependecy in my gradle this error was appeared i used this in my gradle: compile 'com.android.support:appcompat-v7:23.0.1' compile 'com.android.support:recyclerview-v7:23.0.1' compile 'com.android.support:cardview-v7:23.0.1'
	</description>
	<comment>
		you should change versions.. compile 'com.android.support:appcompat-v7:23.1.1' compile 'com.android.support:recyclerview-v7:23.1.1' compile 'com.android.support:cardview-v7:23.1.1'
	</comment>
	<comment>
		What if I want to use 24.0.0-alpha1? It will throw a conflict error.
	</comment>
	<comment>
		Define the annotations dependency explicitly, rather than transitively
	</comment>
</Issue>
