<Issue>
	<title>BootstrapCircleThumbnail with a fontawesome icon </title>
	<bugID> Issue #59 </bugID>
	<url>https://github.com/Bearded-Hen/Android-Bootstrap/issues/59</url>
	<labels>
		<label>enhancement</label>
		<label>wontfix</label>
	</labels>
	<assignees>null	</assignees>
	<developer>k-ni-ght</developer>
	<commters>[k-ni-ght, jamie-beardedhen, k-ni-ght, jamie-beardedhen, k-ni-ght, theDazzler, theDazzler, k-ni-ght]</commters>
	<number_commters>8</number_commters>
	<openTime>Wed Oct 22 01:40:54 CST 2014</openTime>
	<closedTime>Thu Oct 08 13:29:38 CST 2015</closedTime>
	<description>
		It would be nice to display a fontawesome icon in the circle thumbnail. I started to implement that, but the layout of the component make it difficult (especially because of the dimensionsLabel). Is this feature planned ?
	</description>
	<comment>
		We didn't have any current plans to implement this but it certainly sounds like a good feature to have. Perhaps it would make more sense to apply the thumbnail background to FontAwesomeText?
	</comment>
	<comment>
		Thanks for your help. I managed somehow to make it work. This is a first draft of what it could be, with a naive implementation. I am a novice with all the bitmap concept, it is likely to have performances issues. If you still think this can be integrated, I can create a pull request. Preview of the feature on fa-circleThumbnail fork.
	</comment>
	<comment>
		We'll try and have a good look at your fork by the end of this week and see whether it can be merged into master or not. At a quick glance it looks like the implementation is missing the option to set the icon from XML. Also is there a particular reason this behaviour needs to be for CircleThumbnail rather than FontAwesomeText?
	</comment>
	<comment>
		The xml is indeed missing, there is also other options like the background color that is missing. Since I just needed it to work programmatically for my project, I wanted to wait for feedback before implementing the xml (for it to be integrated). What I needed was a font awesome icon with a circle frame around, and I couldn't find how to do it with the existing components. In retrospective, I think adding a rounded frame to FontAwesomeText would have been easier than adding a FontAwesome icon to the CircleThumbnail. In the end, what I did is more of a proof of concept. I am interested to hear about other solutions.
	</comment>
	<comment>
		I implemented this feature yesterday in one of my local branches. I'm just testing out. It's easy to implement. Don't know if it should be part of circleThumbnail or make it its own thing like "IconBadge" or something.
	</comment>
	<comment>
		@k-ni-ght the easiest way is to do what @jamie-beardedhen said and just put some FontAwesomeText inside of a View and set the View's background to an oval Drawable. It would be cool to have a custom view that does this for you so you just have to set the color of the background and color of the text. I'll create a pull request for this feature when I have time if no on else does. Your issue inspired me to start a new project that is solely focused on icons and badges, droidicon It contains over 800 icons and 25 ready-made badges for the top social brands. It may provide some functionality you are looking for.
	</comment>
	<comment>
		Good job @theDazzler, it would be nice to have this feature added to android-bootstrap. IMO, creating a separate standalone project (droidicon) is a good idea. It helps keeping .apk small for apps that only needs this one feature.
	</comment>
</Issue>
