<Issue>
	<title>fix doc: app:fa_icon="fa-heart" instead of fontawesometext:fa_icon="fa-heart" </title>
	<bugID> Issue #89 </bugID>
	<url>https://github.com/Bearded-Hen/Android-Bootstrap/issues/89</url>
	<labels>
		<label>None yet</label>
	</labels>
	<assignees>null	</assignees>
	<developer>younes0</developer>
	<commters>[younes0, fmakdemir, jamie-beardedhen, younes0]</commters>
	<number_commters>4</number_commters>
	<openTime>Fri Mar 20 13:19:12 CST 2015</openTime>
	<closedTime>Fri Mar 20 17:41:29 CST 2015</closedTime>
	<description>
		On https://github.com/Bearded-Hen/Android-Bootstrap/wiki/Font-Awesome-Text It is said to use fontawesometext:fa_icon="fa-heart: it didn't work for me, I had to use app:fa_icon="fa-heart"
	</description>
	<comment>
		It is actually a definition at the top of xml document you can set it to any name that is not in use for example if LinearLayout is root layout then you add below line to it: <LinearLayout
    xmlns:bootstrapbutton="http://schemas.android.com/apk/res-auto"
    ...
    >
        <com.beardedhen.androidbootstrap.FontAwesomeText
            bootstrapbutton:fa_icon="fa-heart"
            ...
        />
</LinearLayout>
 You can change bootstrapbutton to app in line xmlns:bootstrapbutton="http://schemas.android.com/apk/res-auto" then you would write `app:fa_icon="fa-heart"
	</comment>
	<comment>
		Closing (as explained above)
	</comment>
	<comment>
		@Fmakdemir thanks for the explanation!
	</comment>
</Issue>
