<Issue>
	<title>BootstrapProgressBar should match the Bootstrap Specification </title>
	<bugID> Issue #165 </bugID>
	<url>https://github.com/Bearded-Hen/Android-Bootstrap/issues/165</url>
	<labels>
		<label>enhancement</label>
	</labels>
	<assignees>null	</assignees>
	<developer>jamie-beardedhen</developer>
	<commters>[jamie-beardedhen]</commters>
	<number_commters>1</number_commters>
	<openTime>Wed May 25 08:26:09 CST 2016</openTime>
	<closedTime>Sat Jul 02 10:32:18 CST 2016</closedTime>
	<description>
		http://getbootstrap.com/components/#progress BootstrapProgressBar should support: An arbitrary text label centered in the drawn progress Multiple stacked progress of different colors XML Attributes and mutators for the minimum and maximum progress values (integers, defaulting to 0 & 100). Throwing an exception whenever the progress is set to a value outside the min/max range (or when altering the min/max.
	</description>
</Issue>
