<Issue>
	<title>button can not get </title>
	<bugID> Issue #99 </bugID>
	<url>https://github.com/Bearded-Hen/Android-Bootstrap/issues/99</url>
	<labels>
		<label>None yet</label>
	</labels>
	<assignees>null	</assignees>
	<developer>jinlin516293816</developer>
	<commters>[jinlin516293816, jamie-beardedhen]</commters>
	<number_commters>2</number_commters>
	<openTime>Fri May 29 06:40:33 CST 2015</openTime>
	<closedTime>Thu Oct 08 13:27:41 CST 2015</closedTime>
	<description>
		<com.beardedhen.androidbootstrap.BootstrapButton android:id="@+id/bootbtn_wifi_cancel" android:layout_width="fill_parent" android:layout_height="wrap_content" android:layout_margin="10dp" android:text="@string/wifi_login_cancel" bootstrapbutton:bb_roundedCorners="true" bootstrapbutton:bb_size="default" bootstrapbutton:bb_type="default" /> java View contentView = inflater.inflate(R.layout.dialog_wifi_login, null); //btn_wifi_login = (BootstrapButton) contentView.findViewById(R.id.btn_wifi_login); // btn_wifi_cancel = (BootstrapButton) contentView.findViewById(R.id.btn_wifi_cancel); tv_wifiname_text = (TextView) contentView.findViewById(R.id.tv_wifiname_text); tv_wifiname_text.setText(SSID); dialogPlus = new DialogPlus.Builder(getActivity()) .setContentHolder(new ViewHolder(contentView)) .setGravity(DialogPlus.Gravity.TOP) .setCancelable(false) .setOnDismissListener(new OnDismissListener() { @Override public void onDismiss(DialogPlus dialog) { } }) .setOnCancelListener(new OnCancelListener() { @Override public void onCancel(DialogPlus dialog) {                 }
            })
            .setOnBackPressListener(new OnBackPressListener() {
                @Override
                public void onBackPressed(DialogPlus dialogPlus) {
                    dialogPlus.dismiss();
                }
            })
            .setOnClickListener(new OnClickListener() {
                @Override
                public void onClick(DialogPlus dialogPlus, View dialogView) {
                    System.out.println(dialogView.getId()+"==="+R.id.bootbtn_wifi_cancel+"====="+(view.getId()==R.id.bootbtn_wifi_cancel));
                    switch (dialogView.getId()){
                        case R.id.bootbtn_wifi_cancel:
                            dialogPlus.dismiss();
                            break;
                        case R.id.btn_wifi_login:
                            //dialogPlus.dismiss();
                            System.out.print("111111111111111111");
                            break;
                        case R.id.btn_test:
                            System.out.print("8888888888888");
                        default:
                            System.out.println("66666666");
                    }
                }
            })
            .create();

    dialogPlus.show();
 I click this button ,but the button id not equals R.id.bootbtn_wifi_cancel But I test nomarl button I clik this button , the button id equals R.id.btn_test , print "8888888888888" ,that's right;
	</description>
	<comment>
		Are you definitely setting the listener on the BootstrapButton? It would be helpful if you could shorten the code snippet down as it's hard to make sense of at the minute.
	</comment>
</Issue>
