<Issue>
	<title>Setting BootstrapDropDown size via code or XML using strings.xml </title>
	<bugID> Issue #169 </bugID>
	<url>https://github.com/Bearded-Hen/Android-Bootstrap/issues/169</url>
	<labels>
		<label>None yet</label>
	</labels>
	<assignees>null	</assignees>
	<developer>feherbt</developer>
	<commters>[feherbt, feherbt, jamie-beardedhen]</commters>
	<number_commters>3</number_commters>
	<openTime>Fri Jun 10 13:02:03 CST 2016</openTime>
	<closedTime>Sat Jul 02 10:33:48 CST 2016</closedTime>
	<description>
		Hi, I need to change the size depend on device. First I tired by string resource (values/strings.xml and /values-sw800/strings.xml) app:bootstrapSize="@string/bb_size_large" Result: Binary XML file line #114: Error inflating class No problem! I resolved by code using setBootstrapSize() method! It is working on BootstrapButton but BootstrapDropDown has't got. I don't want to duplicate the XML.
	</description>
	<comment>
		clarification: if I put md/xl/... values in the strings.xml then the result is "Binary XML file Error inflating class" BUT if I put 1,2..4 then everithing is ok! Like that: 2
	</comment>
	<comment>
		This should be fixed in the latest version, please comment if you can still see this behaviour and I'll reopen
	</comment>
</Issue>
