<Issue>
	<title>Host Javadoc </title>
	<bugID> Issue #96 </bugID>
	<url>https://github.com/Bearded-Hen/Android-Bootstrap/issues/96</url>
	<labels>
		<label>enhancement</label>
		<label>help_welcome</label>
	</labels>
	<assignees>null	</assignees>
	<developer>jamie-beardedhen</developer>
	<commters>[jamie-beardedhen]</commters>
	<number_commters>1</number_commters>
	<openTime>Tue Apr 28 14:25:26 CST 2015</openTime>
	<closedTime>Fri Feb 26 21:41:37 CST 2016</closedTime>
	<description>
		As part of a future release Javadoc should be hosted somewhere online.
	</description>
</Issue>
