<Issue>
	<title>Add Gradle wrapper </title>
	<bugID> Issue #173 </bugID>
	<url>https://github.com/Bearded-Hen/Android-Bootstrap/issues/173</url>
	<labels>
		<label>bug</label>
	</labels>
	<assignees>null	</assignees>
	<developer>vbauer</developer>
	<commters>[vbauer, jamie-beardedhen, vbauer]</commters>
	<number_commters>3</number_commters>
	<openTime>Sun Jul 17 20:48:53 CST 2016</openTime>
	<closedTime>Sat Dec 10 15:59:53 CST 2016</closedTime>
	<description>
		Could you please add Gradle wrapper to simplify project build?
	</description>
	<comment>
		Done
	</comment>
	<comment>
		Thank you
	</comment>
</Issue>
