<Issue>
	<title>Change from library project to simple jar or zip file </title>
	<bugID> Issue #51 </bugID>
	<url>https://github.com/Bearded-Hen/Android-Bootstrap/issues/51</url>
	<labels>
		<label>None yet</label>
	</labels>
	<assignees>null	</assignees>
	<developer>hassanNS</developer>
	<commters>[hassanNS]</commters>
	<number_commters>1</number_commters>
	<openTime>Thu Jun 12 17:02:14 CST 2014</openTime>
	<closedTime>Tue Oct 14 16:49:10 CST 2014</closedTime>
	<description>
		I'm writing an app on the latest version of android and when I import this project and add it as a library to my existing project, there are dependency clashes due to both apps using different versions of android-support-v4.jar
	</description>
</Issue>
