<Issue>
	<title>aar to Maven Central </title>
	<bugID> Issue #48 </bugID>
	<url>https://github.com/Bearded-Hen/Android-Bootstrap/issues/48</url>
	<labels>
		<label>None yet</label>
	</labels>
	<assignees>null	</assignees>
	<developer>snowdream</developer>
	<commters>[snowdream, gfx, hamen, gautamk, Onra, ajgallego, vincentjames501, archyly, yongjhih, jamie-beardedhen, snowdream, yongjhih, kungfoolabs, jamie-beardedhen, jamie-beardedhen, yongjhih, jamie-beardedhen, yongjhih, yongjhih, jamie-beardedhen]</commters>
	<number_commters>20</number_commters>
	<openTime>Thu May 15 04:15:48 CST 2014</openTime>
	<closedTime>Fri Nov 14 15:40:54 CST 2014</closedTime>
	<description>
		@petehendryhen please publish aar to Maven Central,Thank You.
	</description>
	<comment>
		👍
	</comment>
	<comment>
		+1
	</comment>
	<comment>
		👍
	</comment>
	<comment>
		👍
	</comment>
	<comment>
		👍
	</comment>
	<comment>
		+1
	</comment>
	<comment>
		👍
	</comment>
	<comment>
		👍
	</comment>
	<comment>
		We're not really that familiar with Maven Central - would one of you be able to give further details/instructions so that we can look into this?
	</comment>
	<comment>
		if the project build with gradle,then i may help to do it. 2014Äê11ÔÂ4ÈÕ ÏÂÎç6:56ÓÚ "jamie-beardedhen" notifications@github.comÐ´µÀ£º We're not really that familiar with Maven Central - would one of you be able to give further details/instructions so that we can look into this? ¡ª Reply to this email directly or view it on GitHub #48 (comment) .
	</comment>
	<comment>
		I used to oss.sonatype.org account + chrisbanes/gradle-mvn-push. Publish permission: Register sonatype Create an issue/ticket with this project info for publish permission approval Details: http://central.sonatype.org/pages/producers.html Prepare deployment of gradle: Apply https://github.com/chrisbanes/gradle-mvn-push build.gradle: apply from: 'https://raw.github.com/chrisbanes/gradle-mvn-push/master/gradle-mvn-push.gradle' gradle.properties: VERSION_NAME=1.0.0
VERSION_CODE=100
GROUP=com.beardedhen

POM_DESCRIPTION=Bootstrap style buttons with Font Awesome
POM_URL=https://github.com/Bearded-Hen/Android-Bootstrap
POM_SCM_URL=https://github.com/Bearded-Hen/Android-Bootstrap
POM_SCM_CONNECTION=scm:git@github.com:Bearded-Hen/Android-Bootstrap.git
POM_SCM_DEV_CONNECTION=scm:git@github.com:Bearded-Hen/Android-Bootstrap.git
POM_LICENCE_NAME=The MIT License (MIT)
POM_LICENCE_URL=https://github.com/Bearded-Hen/Android-Bootstrap/blob/master/LICENSE
POM_LICENCE_DIST=repo
POM_DEVELOPER_ID=beardedhen
POM_DEVELOPER_NAME=Bearded-Hen

POM_NAME=Android-Bootstrap Library
POM_ARTIFACT_ID=androidbootstrap
POM_PACKAGING=aar
 Deploy: Upload archive to sonatype.org by chrisbanes/gradle-mvn-push: $ ./gradlew uploadArchives Publish: Sign-in https://oss.sonatype.org/#stagingRepositories web to close & release the uploaded archive Progress: Waiting for sonatype sync your archive to maven central Allow denpendency via maven central: build.gradle: dependencies { compile 'com.beardedhen:androidbootstrap:+' }
	</comment>
	<comment>
		+1 Would love to use.
	</comment>
	<comment>
		Thanks for the PR and help @yongjhih, we've created an issue at: https://issues.sonatype.org/browse/OSSRH-12272 Hopefully we should be able to close this ticket when I get some free time next week.
	</comment>
	<comment>
		I've attempted to publish with those changes but got a 401 status code back from the repository. Is step 2 of the guide applicable for this task, and if so would anyone have any pointers on how to setup GPG? Error:Execution failed for task ':AndroidBootstrap:uploadArchives'.
> Could not publish configuration 'archives'
   > Error deploying artifact 'com.beardedhen:androidbootstrap:aar': Error deploying artifact: Failed to transfer file: https://oss.sonatype.org/service/local/staging/deploy/maven2/com/beardedhen/androidbootstrap/1.0.0/androidbootstrap-1.0.0.aar. Return code is: 401
	</comment>
	<comment>
		Generate GPG key: The GPG key generation is very simple in interactive command line, you can refer the following: https://fedoraproject.org/wiki/Creating_GPG_Keys#Creating_GPG_Keys_Using_the_Command_Line Get keyId: $ gpg -k
/home/andrew/.gnupg/pubring.gpg
-------------------------------
pub   4096R/01C54D62 2010-10-04
uid                  Andrew Chen (yjchen) <yongjhih@example.com>
uid                  [jpeg image of size 4301]
sub   4096R/D8C109B1 2010-10-04 Setup key config for gradle: ~/.gradle/gradle.properties: NEXUS_USERNAME={username} # Recommend to use generated username by oss.sonatype.org web
NEXUS_PASSWORD={password} # Recommend to use generated password by oss.sonatype.org web
# NOTICE: I know that oss.sonatype official document of naming is ossrhUsername, ossrhPassword, but NEXUS_USERNAME, NEXUS_PASSWORD of naming is for chrisbanes/gradle-mvn-push

signing.keyId=01C54D62 # for example
signing.password={keyPassword}
signing.secretKeyRingFile=/home/andrew/.gnupg/secring.gpg # for example
	</comment>
	<comment>
		Staging has been closed, how long does it generally take for the sync to maven central? I've tried adding dependencies { compile 'com.beardedhen:androidbootstrap:+' } to a fresh test project and it can't seem to fetch the file. I assume that's down to the sync rather than me doing something wrong with build.gradle?
	</comment>
	<comment>
		After you successfully release, your component will be published to Central, typically within 10 minutes, though updates to search.maven.org can take up to two hours.
	</comment>
	<comment>
		You can try oss.sonatype.org maven repo first (in ~10m): build.gradle: repositories {
    maven { url "https://oss.sonatype.org/content/repositories/releases/" }
}
	</comment>
	<comment>
		Hi, Thanks for all your help. Looks like it was just taking a while to sync and is working fine now.
	</comment>
</Issue>
