<Issue>
	<title>Borderless buttons </title>
	<bugID> Issue #106 </bugID>
	<url>https://github.com/Bearded-Hen/Android-Bootstrap/issues/106</url>
	<labels>
		<label>question</label>
	</labels>
	<assignees>null	</assignees>
	<developer>noloman</developer>
	<commters>[noloman, jamie-beardedhen]</commters>
	<number_commters>2</number_commters>
	<openTime>Thu Aug 13 09:26:40 CST 2015</openTime>
	<closedTime>Thu Aug 13 09:29:01 CST 2015</closedTime>
	<description>
		Does the library currently support any kind of borderless button? I have a Bootstrap button with the icon pretty nicely rendered, but still I see the grey borders of a normal Android Button around.
	</description>
	<comment>
		FontAwesomeText should suit your needs, you can create an icon of arbitrary size & color, then apply any drawable to its background.
	</comment>
</Issue>
