<Issue>
	<title>how to customize background and textColor? </title>
	<bugID> Issue #134 </bugID>
	<url>https://github.com/Bearded-Hen/Android-Bootstrap/issues/134</url>
	<labels>
		<label>None yet</label>
	</labels>
	<assignees>null	</assignees>
	<developer>ggwolfking</developer>
	<commters>[ggwolfking, jamie-beardedhen]</commters>
	<number_commters>2</number_commters>
	<openTime>Sat Dec 12 16:01:39 CST 2015</openTime>
	<closedTime>Mon Dec 14 10:13:50 CST 2015</closedTime>
	<description>
		Can i customize the background and textcolors? If i can, how to do it?
	</description>
	<comment>
		See the sample code, you should provide your own implementation of BootstrapBrand.
	</comment>
</Issue>
