<Issue>
	<title>Adding Drawable Resources in bootstrap:bb_icon_right </title>
	<bugID> Issue #90 </bugID>
	<url>https://github.com/Bearded-Hen/Android-Bootstrap/issues/90</url>
	<labels>
		<label>enhancement</label>
		<label>wontfix</label>
	</labels>
	<assignees>null	</assignees>
	<developer>harshdattani</developer>
	<commters>[harshdattani, jamie-beardedhen]</commters>
	<number_commters>2</number_commters>
	<openTime>Sun Mar 22 05:01:58 CST 2015</openTime>
	<closedTime>Thu Oct 08 13:29:53 CST 2015</closedTime>
	<description>
		Hello, Superb utility, I want to add own drawable png in bb_icon_right in button, how to achieve this?
	</description>
	<comment>
		You would need to create your own fork of the library and replace the TextViews which currently display the icons with ImageViews. I'm labelling this as an enhancement as we may add this in as part of #88
	</comment>
</Issue>
