<Issue>
	<title>View Bootstrap elements in Android Studio layout editor. </title>
	<bugID> Issue #82 </bugID>
	<url>https://github.com/Bearded-Hen/Android-Bootstrap/issues/82</url>
	<labels>
		<label>None yet</label>
	</labels>
	<assignees>null	</assignees>
	<developer>MatthewJamesBoyle</developer>
	<commters>[MatthewJamesBoyle, jamie-beardedhen]</commters>
	<number_commters>2</number_commters>
	<openTime>Thu Feb 05 09:22:14 CST 2015</openTime>
	<closedTime>Thu Feb 05 10:03:13 CST 2015</closedTime>
	<description>
		Is there a way to do this? I recieve this error when I go on the layout editor: java.lang.NullPointerException
    at com.beardedhen.androidbootstrap.BootstrapButton.setBootstrapType(BootstrapButton.java:308)
    at com.beardedhen.androidbootstrap.BootstrapButton.initialise(BootstrapButton.java:195)
    at com.beardedhen.androidbootstrap.BootstrapButton.<init>(BootstrapButton.java:108)
    at sun.reflect.NativeConstructorAccessorImpl.newInstance0(Native Method)
    at sun.reflect.NativeConstructorAccessorImpl.newInstance(NativeConstructorAccessorImpl.java:39)
    at sun.reflect.DelegatingConstructorAccessorImpl.newInstance(DelegatingConstructorAccessorImpl.java:27)
    at java.lang.reflect.Constructor.newInstance(Constructor.java:513)
    at org.jetbrains.android.uipreview.ViewLoader.createNewInstance(ViewLoader.java:379)
    at org.jetbrains.android.uipreview.ViewLoader.loadView(ViewLoader.java:99)
    at com.android.tools.idea.rendering.LayoutlibCallback.loadView(LayoutlibCallback.java:172)
    at android.view.BridgeInflater.loadCustomView(BridgeInflater.java:207)
    at android.view.BridgeInflater.createViewFromTag(BridgeInflater.java:132)
    at android.view.LayoutInflater.rInflate_Original(LayoutInflater.java:806)
    at android.view.LayoutInflater_Delegate.rInflate(LayoutInflater_Delegate.java:64)
    at android.view.LayoutInflater.rInflate(LayoutInflater.java:782)
    at android.view.LayoutInflater.rInflate_Original(LayoutInflater.java:809)
    at android.view.LayoutInflater_Delegate.rInflate(LayoutInflater_Delegate.java:64)
    at android.view.LayoutInflater.rInflate(LayoutInflater.java:782)
    at android.view.LayoutInflater.inflate(LayoutInflater.java:504)
    at android.view.LayoutInflater.inflate(LayoutInflater.java:385)
    at com.android.layoutlib.bridge.impl.RenderSessionImpl.inflate(RenderSessionImpl.java:400)
    at com.android.layoutlib.bridge.Bridge.createSession(Bridge.java:332)
    at com.android.ide.common.rendering.LayoutLibrary.createSession(LayoutLibrary.java:350)
    at com.android.tools.idea.rendering.RenderService$5.compute(RenderService.java:688)
    at com.android.tools.idea.rendering.RenderService$5.compute(RenderService.java:677)
    at com.intellij.openapi.application.impl.ApplicationImpl.runReadAction(ApplicationImpl.java:932)
    at com.android.tools.idea.rendering.RenderService.createRenderSession(RenderService.java:677)
    at com.android.tools.idea.rendering.RenderService.render(RenderService.java:815)
    at com.intellij.android.designer.designSurface.AndroidDesignerEditorPanel$6.run(AndroidDesignerEditorPanel.java:480)
    at com.intellij.util.ui.update.MergingUpdateQueue.execute(MergingUpdateQueue.java:320)
    at com.intellij.util.ui.update.MergingUpdateQueue.execute(MergingUpdateQueue.java:310)
    at com.intellij.util.ui.update.MergingUpdateQueue$2.run(MergingUpdateQueue.java:254)
    at com.intellij.util.ui.update.MergingUpdateQueue.flush(MergingUpdateQueue.java:269)
    at com.intellij.util.ui.update.MergingUpdateQueue.flush(MergingUpdateQueue.java:227)
    at com.intellij.util.ui.update.MergingUpdateQueue.run(MergingUpdateQueue.java:217)
    at com.intellij.util.concurrency.QueueProcessor.runSafely(QueueProcessor.java:238)
    at com.intellij.util.Alarm$Request$1.run(Alarm.java:327)
    at java.util.concurrent.Executors$RunnableAdapter.call(Executors.java:439)
    at java.util.concurrent.FutureTask$Sync.innerRun(FutureTask.java:303)
    at java.util.concurrent.FutureTask.run(FutureTask.java:138)
    at java.util.concurrent.ThreadPoolExecutor$Worker.runTask(ThreadPoolExecutor.java:895)
    at java.util.concurrent.ThreadPoolExecutor$Worker.run(ThreadPoolExecutor.java:918)
    at java.lang.Thread.run(Thread.java:695)
	</description>
	<comment>
		Closing as this is a duplicate of #76.
	</comment>
</Issue>
