<Issue>
	<title>AndroidStudio dependencies </title>
	<bugID> Issue #77 </bugID>
	<url>https://github.com/Bearded-Hen/Android-Bootstrap/issues/77</url>
	<labels>
		<label>None yet</label>
	</labels>
	<assignees>null	</assignees>
	<developer>YoungDroid</developer>
	<commters>[YoungDroid, fmakdemir, YoungDroid, YoungDroid, YoungDroid, fmakdemir, YoungDroid]</commters>
	<number_commters>7</number_commters>
	<openTime>Thu Dec 25 07:52:36 CST 2014</openTime>
	<closedTime>Mon Dec 29 10:21:42 CST 2014</closedTime>
	<description>
		Sorry, I'm a Newbie of Android. I just add dependencies { compile fileTree(dir: 'libs', include: ['*.jar']) compile 'com.beardedhen:androidbootstrap:1.0.4' } but it show Error:Failed to find: com.beardedhen:androidbootstrap:1.0.4 How can I solve it
	</description>
	<comment>
		change version from 1.0.4 to 1.0.+ or 1.+ or simply +. It should be okay don't worry about warning for now.
	</comment>
	<comment>
		thank u
	</comment>
	<comment>
		Sorry , I have try you say,but it doesn't work; also Error:Failed to find: com.beardedhen:androidbootstrap:1.0.+ Error:Failed to find: com.beardedhen:androidbootstrap:1.+ Error:Failed to find: com.beardedhen:androidbootstrap:+
	</comment>
	<comment>
		I try to add another, but the same error
	</comment>
	<comment>
		Can you add another maven artifact? Try to add compile 'com.google. android.gms:play-services:6.1.71' And you might have problems with Internet connection maybe an antivirus is blocking because it works on my multiple projects.
	</comment>
	<comment>
		Oh. I add compile 'com.google.android.gms:play-services:6.1.71' compile 'com.beardedhen:androidbootstrap:+' only error compile 'com.beardedhen:androidbootstrap:+'
	</comment>
</Issue>
