<Issue>
	<title>Button with Icon and text </title>
	<bugID> Issue #133 </bugID>
	<url>https://github.com/Bearded-Hen/Android-Bootstrap/issues/133</url>
	<labels>
		<label>None yet</label>
	</labels>
	<assignees>null	</assignees>
	<developer>krzysiek-zgondek</developer>
	<commters>[krzysiek-zgondek, jamie-beardedhen]</commters>
	<number_commters>2</number_commters>
	<openTime>Fri Dec 11 16:59:58 CST 2015</openTime>
	<closedTime>Mon Dec 14 10:14:12 CST 2015</closedTime>
	<description>
		#116 (comment) in any way i couldn't maintain this behavior with your library. It looks to me like text is covering icon, because if you use either one alone it works.
	</description>
	<comment>
		Closing as not reproducible
	</comment>
</Issue>
