<Issue>
	<title>Setup CircleCI to get latest build tools </title>
	<bugID> Issue #188 </bugID>
	<url>https://github.com/Bearded-Hen/Android-Bootstrap/issues/188</url>
	<labels>
		<label>enhancement</label>
	</labels>
	<assignees>null	</assignees>
	<developer>jamie-beardedhen</developer>
	<commters>[jamie-beardedhen]</commters>
	<number_commters>1</number_commters>
	<openTime>Sat Dec 10 17:17:30 CST 2016</openTime>
	<closedTime>Mon Dec 12 11:08:55 CST 2016</closedTime>
	<description>
		No description provided.
	</description>
</Issue>
