<Issue>
	<title>How to Set textsize for BootstrapButton ? </title>
	<bugID> Issue #147 </bugID>
	<url>https://github.com/Bearded-Hen/Android-Bootstrap/issues/147</url>
	<labels>
		<label>None yet</label>
	</labels>
	<assignees>null	</assignees>
	<developer>trihung93</developer>
	<commters>[trihung93, jamie-beardedhen]</commters>
	<number_commters>2</number_commters>
	<openTime>Thu Feb 25 10:22:12 CST 2016</openTime>
	<closedTime>Thu Feb 25 20:45:52 CST 2016</closedTime>
	<description>
		I tried to set textsize but its not working
	</description>
	<comment>
		Check the sample code. Feel free to reopen this if you believe there is a bug with the library, or post a (detailed) question on Stackoverflow if you don't understand something.
	</comment>
</Issue>
