<Issue>
	<title>Bootstrap buttons not streching to fill the requred space </title>
	<bugID> Issue #68 </bugID>
	<url>https://github.com/Bearded-Hen/Android-Bootstrap/issues/68</url>
	<labels>
		<label>bug</label>
	</labels>
	<assignees>null	</assignees>
	<developer>clinton2111</developer>
	<commters>[clinton2111, jamie-beardedhen, clinton2111, clinton2111, jamie-beardedhen, clinton2111, jamie-beardedhen, clinton2111]</commters>
	<number_commters>8</number_commters>
	<openTime>Thu Nov 27 14:17:28 CST 2014</openTime>
	<closedTime>Fri Nov 28 10:23:21 CST 2014</closedTime>
	<description>
		Hi..im using your library in my project.. i want to show 2 buttons side by side and want them to take up the whole width of the screen,ive included your library as you said but the buttons do not stretch to fill the screen. If i try the code with normal android buttons they stretch to fill the space.can u figure out how i can overcome this. ive tried using android:layout_weight="1" but the buttons just shift to the left and do not strech this is the code of the button part <LinearLayout
    android:layout_width="fill_parent"
    android:layout_height="wrap_content"
    android:layout_weight="10"
    android:gravity="center_horizontal|top"
    android:orientation="horizontal" >

    <com.beardedhen.androidbootstrap.BootstrapButton
        android:id="@+id/b_yes"
        android:layout_width="wrap_content"
        android:layout_height="wrap_content"
        android:layout_margin="10dp"
        android:gravity="center"
        android:text="YES"
        bootstrapbutton:bb_icon_right="fa-check"
        bootstrapbutton:bb_roundedCorners="true"
        bootstrapbutton:bb_type="success" />

    <com.beardedhen.androidbootstrap.BootstrapButton
        android:id="@+id/b_no"
        android:layout_width="wrap_content"
        android:layout_height="wrap_content"
        android:layout_margin="10dp"
        android:gravity="center"
        android:text="NO"
        bootstrapbutton:bb_icon_right="fa-times"
        bootstrapbutton:bb_roundedCorners="true"
        bootstrapbutton:bb_type="primary" />
</LinearLayout>
	</description>
	<comment>
		Have you tried setting layout_width to 0dp, and ensuring that each BootstrapButton has a weight attribute? Your example has the weight attribute in the ViewGroup, so the buttons look like what I would expect. Let me know if this doesn't solve the issue.
	</comment>
	<comment>
		Yes I did come across that solution after Googling for a while but it didn't solve my problem. When I added the weight attribute the button just shifts to the left a bit. But doesn't stretch to fill the required space
	</comment>
	<comment>
		This is how it looks when i add layout_width to 0dp and add a weight.. the actually area is shown to stretch but the button doesn't show any expansion
	</comment>
	<comment>
		I've made a fix on my local branch that looks like the screenshot below - I assume that this can be marked as resolved as soon as the changes are pushed.
	</comment>
	<comment>
		could you please send me the code for the stretched buttons cause it still doesn't seem to work. The button outline now stretches but still has the height problem     <com.beardedhen.androidbootstrap.BootstrapButton
        android:id="@+id/OK"
        style="@style/AppBaseTheme"
        android:layout_width="0dip"
        android:layout_height="wrap_content"
        android:layout_margin="5dp"
        android:layout_weight="1"
        android:text="OK"
        bootstrapbutton:bb_icon_left="fa-envelope"
        bootstrapbutton:bb_roundedCorners="true"
        bootstrapbutton:bb_size="medium"
        bootstrapbutton:bb_type="default" />

    <com.beardedhen.androidbootstrap.BootstrapButton
        android:id="@+id/cancel"
        android:layout_width="0dip"
        android:layout_height="wrap_content"
        android:layout_margin="5dp"
        android:layout_weight="1"
        android:text="CANCEL"
        bootstrapbutton:bb_icon_left="fa-times"
        bootstrapbutton:bb_roundedCorners="true"
        bootstrapbutton:bb_size="medium"
        bootstrapbutton:bb_type="default" />
</LinearLayout>
	</comment>
	<comment>
		It looks like the BootstrapButton was switching between the layouts it inflated. As I can't see any reason for this, I've simplified the View so that it only uses one layout. I've tested it in the screenshot below (weighted buttons for the first row, and all possible height/width combinations in the second). A release should be available shortly, so I'll close this issue - let me know if it's still a problem. Also, if anyone else has run into this problem with different Bootstrap views, please let me know.
	</comment>
	<comment>
		Thank you so much..works perfectly now
	</comment>
</Issue>
