<Issue>
	<title>Question about other FontAwesome assets </title>
	<bugID> Issue #88 </bugID>
	<url>https://github.com/Bearded-Hen/Android-Bootstrap/issues/88</url>
	<labels>
		<label>enhancement</label>
	</labels>
	<assignees>null	</assignees>
	<developer>rohit-gandhe</developer>
	<commters>[rohit-gandhe, jamie-beardedhen, jamie-beardedhen]</commters>
	<number_commters>3</number_commters>
	<openTime>Thu Mar 19 23:13:41 CST 2015</openTime>
	<closedTime>Thu Oct 08 13:28:53 CST 2015</closedTime>
	<description>
		Hello, Great utility, love it. I just have a quick question about inclusion of other assets such as weather icons here: http://erikflowers.github.io/weather-icons/ How would one go about including these in the library? Thanks, Rohit
	</description>
	<comment>
		The library can only display FontAwesome icons at present. Adding extra icons would require setting the TextView typeface to the weather icon font, then setting the text to the correct icon unicode. We will probably look into including this in the near future, along with adding in similar fonts.
	</comment>
	<comment>
		Fixed in 2.0.0 👍 1
	</comment>
</Issue>
