<Issue>
	<title>Repository/project name </title>
	<bugID> Issue #4 </bugID>
	<url>https://github.com/Bearded-Hen/Android-Bootstrap/issues/4</url>
	<labels>
		<label>None yet</label>
	</labels>
	<assignees>null	</assignees>
	<developer>danielkutik</developer>
	<commters>[danielkutik, daniellevass]</commters>
	<number_commters>2</number_commters>
	<openTime>Wed Nov 13 01:31:14 CST 2013</openTime>
	<closedTime>Tue Oct 14 15:40:41 CST 2014</closedTime>
	<description>
		really like the buttons :) but please be aware of that there is another project with a similar name: https://github.com/donnfelker/android-bootstrap Confusion regarding the name should be avoided...
	</description>
	<comment>
		Hi danielkutik - I'm aware of the other project, however think it's a bite late to change the name unfortunately! Hopefully people won't be too confused. Thank you for raising this though!
	</comment>
</Issue>
