<Issue>
	<title>Versioning </title>
	<bugID> Issue #113 </bugID>
	<url>https://github.com/Bearded-Hen/Android-Bootstrap/issues/113</url>
	<labels>
		<label>question</label>
	</labels>
	<assignees>null	</assignees>
	<developer>hyorkim11</developer>
	<commters>[hyorkim11, jamie-beardedhen, hyorkim11]</commters>
	<number_commters>3</number_commters>
	<openTime>Thu Oct 08 12:18:07 CST 2015</openTime>
	<closedTime>Fri Oct 09 09:00:07 CST 2015</closedTime>
	<description>
		Awesome stuff BH, New updates pushed! awesome. Just an issue with github dep, which version should we use for the latest ? is it 2.1? what should I add on my gradle file dep?
	</description>
	<comment>
		compile 'com.beardedhen:androidbootstrap:2.0.0' should allow you to use the latest updates. Maven Central will take a while to sync, which is why the badge is currently displaying 1.2.3.
	</comment>
	<comment>
		Ah got it, now onto fixing all my layouts with the buttons in em! thanks
	</comment>
</Issue>
