<Issue>
	<title>Icon is not displayed in the "bb_icon_left" properties or "bb_icon_right" </title>
	<bugID> Issue #80 </bugID>
	<url>https://github.com/Bearded-Hen/Android-Bootstrap/issues/80</url>
	<labels>
		<label>None yet</label>
	</labels>
	<assignees>null	</assignees>
	<developer>Gperez88</developer>
	<commters>[Gperez88, fmakdemir, Gperez88, fmakdemir, Gperez88, jamie-beardedhen, jamie-beardedhen]</commters>
	<number_commters>7</number_commters>
	<openTime>Fri Jan 02 11:38:45 CST 2015</openTime>
	<closedTime>Tue Jan 13 10:05:49 CST 2015</closedTime>
	<description>
		good, I have a problem when trying to put "bb_icon_left" or "bb_icon_right" does not show me the icon on the button, I have already put the "fontawesome-webfont.ttf" file in the Assets folder and still does not show me the icon. thank you very much in advance.
	</description>
	<comment>
		Can you post your layout code of button?
	</comment>
	<comment>
		<RelativeLayout xmlns:android="http://schemas.android.com/apk/res/android"
    xmlns:tools="http://schemas.android.com/tools"
    xmlns:bootstrap="http://schemas.android.com/apk/res-auto"
    android:layout_width="match_parent"
    android:layout_height="match_parent"
    android:paddingLeft="@dimen/activity_horizontal_margin"
    android:paddingRight="@dimen/activity_horizontal_margin"
    android:paddingTop="@dimen/activity_vertical_margin"
    android:paddingBottom="@dimen/activity_vertical_margin"
    android:background="@android:color/white">

    <com.gp89developers.android.developerutils.widget.MaterialAutoCompleteTextView
        android:layout_width="wrap_content"
        android:layout_height="wrap_content"
        android:inputType="textPersonName"
        android:id="@+id/autoCompleteTextViewDishName"
        android:hint="@string/name_dish"
        android:layout_marginBottom="10dp"
        android:layout_alignParentRight="true"
        android:layout_alignParentEnd="true"
        android:layout_alignParentLeft="true"
        android:layout_alignParentStart="true"/>

    <com.gp89developers.android.developerutils.widget.MaterialMultiAutoCompleteTextView
        android:layout_width="wrap_content"
        android:layout_height="wrap_content"
        android:id="@+id/multiAutoCompleteTextViewIngredientName"
        android:hint="@string/ingredient_name"
        android:layout_below="@+id/autoCompleteTextViewDishName"
        android:layout_alignParentRight="true"
        android:layout_alignParentLeft="true"
        android:layout_marginBottom="10dp"/>

    <com.beardedhen.androidbootstrap.BootstrapButton
        android:id="@+id/buttonSearch"
        android:layout_width="wrap_content"
        android:layout_height="wrap_content"
        android:text="@string/action_search"
        android:textSize="14sp"
        bootstrap:bb_roundedCorners="true"
        bootstrap:bb_type="success"
        bootstrap:bb_size="small"
        bootstrap:bb_icon_right="fa-search"
        android:layout_marginRight="10dp"
        android:layout_marginLeft="10dp"
        android:layout_alignParentRight="true"
        android:layout_alignParentLeft="true"
        android:layout_alignParentBottom="true"/>

</RelativeLayout>
	</comment>
	<comment>
		I couldn't see any problem with your code. Did you put fontawesome 4.2? In assets folder of main module/project? I'm not sure but problem could be assets folder normally starts with lower a. If not sorry nothing comes to mind maybe permissions but I don't think so.
	</comment>
	<comment>
		take the file 'fontawesome-webfont.ttf' that is in the sample project and put it in the folder assets of my project. investigare the source code of the library.
	</comment>
	<comment>
		This is working fine with the example project, maybe test out one of those layouts to see what is wrong. It sounds like the FontAwesome font is not being loaded, you should see an error message in logcat if that's the case.  <com.beardedhen.androidbootstrap.BootstrapButton
                android:id="@+id/btnOne"
                android:layout_width="wrap_content"
                android:layout_height="wrap_content"
                android:layout_margin="10dp"
                android:text="Default"
                bootstrapbutton:bb_icon_left="fa-heart"
                bootstrapbutton:bb_type="default" />
	</comment>
	<comment>
		Readme updated, closing as this is not an issue
	</comment>
</Issue>
