<Issue>
	<title>400 status for on Gradle build </title>
	<bugID> Issue #46 </bugID>
	<url>https://github.com/Bearded-Hen/Android-Bootstrap/issues/46</url>
	<labels>
		<label>None yet</label>
	</labels>
	<assignees>null	</assignees>
	<developer>tVoss</developer>
	<commters>[tVoss, tVoss]</commters>
	<number_commters>2</number_commters>
	<openTime>Fri May 02 16:21:02 CST 2014</openTime>
	<closedTime>Fri May 02 17:10:55 CST 2014</closedTime>
	<description>
		When trying to do a Gradle build, the GET for url https://github.com/donnfelker/mvn-repo/raw/master/com/android/support/appcompat-v7/ returns a 400 status code, not allowing the project to build. Is this link currently broken or just moved?
	</description>
	<comment>
		This is embarrassing, wrong GitHub Repo
	</comment>
</Issue>
