<Issue>
	<title>[warn]Converting to string: TypedValue </title>
	<bugID> Issue #79 </bugID>
	<url>https://github.com/Bearded-Hen/Android-Bootstrap/issues/79</url>
	<labels>
		<label>None yet</label>
	</labels>
	<assignees>null	</assignees>
	<developer>harpy2</developer>
	<commters>[harpy2, harpy2]</commters>
	<number_commters>2</number_commters>
	<openTime>Wed Dec 31 01:06:34 CST 2014</openTime>
	<closedTime>Wed Dec 31 01:27:34 CST 2014</closedTime>
	<description>
		im not sure what is problem. my logcat shown this log : [warn]Converting to string: TypedValue{t=0x12/d=0x0 a=2 r=0x7f090028} and i found in gen R.class : r=0x7f090028 is lblLeft Textview in BootstrapButton.java how fix this warn?
	</description>
	<comment>
		i'm sorry this is not Android-Bootstrap bug. i changed Android Button instead of Bootstrap Button, but its same. i dont know why this bug occured in list Adaptor. anyway, sorry for mistake
	</comment>
</Issue>
