<Issue>
	<title>Button Group </title>
	<bugID> Issue #114 </bugID>
	<url>https://github.com/Bearded-Hen/Android-Bootstrap/issues/114</url>
	<labels>
		<label>question</label>
	</labels>
	<assignees>null	</assignees>
	<developer>hyorkim11</developer>
	<commters>[hyorkim11, jamie-beardedhen, hyorkim11]</commters>
	<number_commters>3</number_commters>
	<openTime>Fri Oct 09 05:57:06 CST 2015</openTime>
	<closedTime>Fri Oct 09 09:02:51 CST 2015</closedTime>
	<description>
		Button Group, set as vertical orientation, as of now doesn't seem to override rest of the widths for the child buttons. I've implemented the Button Group (vertically) and see that all the child buttons have different widths depending on their texts
	</description>
	<comment>
		ButtonGroup extends LinearLayout, so you can just set its height to match_parent and assign the child views equal weights.
	</comment>
	<comment>
		thanks alot for the speedy reply!
	</comment>
</Issue>
