<Issue>
	<title>BootstrapButton in Relativelayout Error </title>
	<bugID> Issue #45 </bugID>
	<url>https://github.com/Bearded-Hen/Android-Bootstrap/issues/45</url>
	<labels>
		<label>None yet</label>
	</labels>
	<assignees>null	</assignees>
	<developer>Olaman</developer>
	<commters>[Olaman, Olaman, nickyrabit, cn28h, jamie-beardedhen]</commters>
	<number_commters>5</number_commters>
	<openTime>Mon Apr 28 09:49:05 CST 2014</openTime>
	<closedTime>Tue Oct 14 16:41:41 CST 2014</closedTime>
	<description>
		Using BootstrapButton in Relativelayout with : android:layout_width="fill_parent"; android:layout_height="wrap_content" ----------------------------------the button take all the space of screen,, it has the same effect of android:layout_width="fill_parent"; android:layout_height="fill_parent" -----------------------------------but if you use it in LinearLayout, It works fine.
	</description>
	<comment>
		I just found the rootView must be ScollVIew. In this case, everything works well
	</comment>
	<comment>
		Please help me i have tried everything but my app crashes. how do i add buttons in my xml?
	</comment>
	<comment>
		I found with RelativeLayout that using wrap_content for the layout width of a bootstrap button caused the fa icons not to show. However, throwing it inside a HorizontalScrollView fixes the problem, but I'm not sure why that makes a difference. Any idea?
	</comment>
	<comment>
		Hi, This issue should now be fixed by #43, so wrap_content/fill_parent will work correctly. If you experience further issues please raise a new ticket and I'll look into it.
	</comment>
</Issue>
