<Issue>
	<title>Pushed my experimental branch </title>
	<bugID> Issue #23 </bugID>
	<url>https://github.com/Bearded-Hen/Android-Bootstrap/issues/23</url>
	<labels>
		<label>None yet</label>
	</labels>
	<assignees>null	</assignees>
	<developer>theDazzler</developer>
	<commters>[theDazzler, daniellevass, theDazzler, daniellevass, theDazzler, ebuildy]</commters>
	<number_commters>6</number_commters>
	<openTime>Sat Dec 07 09:42:41 CST 2013</openTime>
	<closedTime>Fri Jan 17 18:21:58 CST 2014</closedTime>
	<description>
		Check out the change notes in the readme on my fork. I uploaded a couple screenshots as well. I made a bunch of changes and rewrote some of the base code, so merging would be difficult. Let me know what you think. I was just testing stuff out and ended up changing a bunch of stuff. Here is the fork: https://github.com/theDazzler/Android-Bootstrap
	</description>
	<comment>
		Wow, looks like you've added a tonne of useful things. I always did wonder if I could've extended the BootstrapButton from a Button. Will definitely be learning loads reading through your code, so thank you :) What's the best way to go forward? Do you want to send a pull request and see what happens? Or do you have any other suggestions?
	</comment>
	<comment>
		I can send a pull request, but I don't know how it will work out. It might end up working fine, but there will be a few extra xml files probably since I renamed some of them. If that doesn't work, another way would be for you to set your master branch to my master branch by doing this http://stackoverflow.com/questions/2862590/how-to-replace-master-branch-in-git-entirely-from-another-branch. But only do this as a last option Do you like all the changes? Is there anything you don't like or think should be done differently? I'll send a pull request so you can see the changes.
	</comment>
	<comment>
		I never thought anyone else would find Android Bootstrap useful - didn't even consider anyone would contribute so much. I think you've made some unbelievably fantastic improvements - I help teach at an after school club and I've been telling my students how surprised I am by how much people help contribute to things. I'll lurk on the #android IRC channel (and #android-dev if I work out how to register my name) under the username of nijntje if it's any easier to talk about furthering Android Bootstrap on there?
	</comment>
	<comment>
		Yea check out the IRC channel. The best place to talk specifically about Android Bootstrap is probably here though because everyone who visits here is actually interested in the project and some may decide to contribute. For new features, you can make an issue and tag it as an enhancement or new feature so people can comment on the feature and see if anyone is working on it. I'll make an issue for a couple of the new features I have in my fork so we can discuss them better
	</comment>
	<comment>
		You made a really good job ! I add this library into all my new project now, thanks !
	</comment>
</Issue>
