<Issue>
	<title>How can use in gradle? </title>
	<bugID> Issue #61 </bugID>
	<url>https://github.com/Bearded-Hen/Android-Bootstrap/issues/61</url>
	<labels>
		<label>None yet</label>
	</labels>
	<assignees>null	</assignees>
	<developer>AdamWorld</developer>
	<commters>[AdamWorld, jamie-beardedhen]</commters>
	<number_commters>2</number_commters>
	<openTime>Wed Oct 29 01:07:39 CST 2014</openTime>
	<closedTime>Wed Oct 29 17:52:02 CST 2014</closedTime>
	<description>
		Hi! Could I use Android-Bootstrap in gradle build system? like the following? compile 'com.beardedhen.androidbootstrap:AndroidBootstrap:+'
	</description>
	<comment>
		Hi, Android-Bootstrap works with gradle as a library project (an example of how this works can be found in AndroidBootstrapTest). You need to add the following to your dependencies: dependencies { compile fileTree(dir: 'libs', include: '*.jar') compile project(':AndroidBootstrap') }
	</comment>
</Issue>
