<Issue>
	<title>Update to FontAwesome 4.5 </title>
	<bugID> Issue #131 </bugID>
	<url>https://github.com/Bearded-Hen/Android-Bootstrap/issues/131</url>
	<labels>
		<label>enhancement</label>
	</labels>
	<assignees>null	</assignees>
	<developer>jamie-beardedhen</developer>
	<commters>[jamie-beardedhen]</commters>
	<number_commters>1</number_commters>
	<openTime>Tue Nov 24 17:05:17 CST 2015</openTime>
	<closedTime>Mon Nov 30 09:50:39 CST 2015</closedTime>
	<description>
		No description provided.
	</description>
</Issue>
