<Issue>
	<title>Font issue with foreign chars 'æøå' at Buttons </title>
	<bugID> Issue #86 </bugID>
	<url>https://github.com/Bearded-Hen/Android-Bootstrap/issues/86</url>
	<labels>
		<label>None yet</label>
	</labels>
	<assignees>null	</assignees>
	<developer>cyrixmorten</developer>
	<commters>[cyrixmorten, jamie-beardedhen, cyrixmorten, jamie-beardedhen]</commters>
	<number_commters>4</number_commters>
	<openTime>Thu Feb 12 20:35:58 CST 2015</openTime>
	<closedTime>Fri Feb 13 11:06:05 CST 2015</closedTime>
	<description>
		Hi Seemed it happened only after upgrading to Android 5.0 so not sure where the problem lies. Nevertheless, characters such as 'æøå' are positioned slightly lower than other chars, which looks a bit weird. Just wanted to let you know in case there is a obvious solution.
	</description>
	<comment>
		Which View are you observing this behaviour in? If you could post example code/screenshots to reproduce the issue, that would be helpful in determining whether this is an issue with the library or lollipop.
	</comment>
	<comment>
		Sorry forgot to mention that it was with Buttons Also forgot that I am using the fork adding gradients to Buttons, but cannot imaging that it has anything to do with it. A screenshot is added below The XML used is:         <com.beardedhen.androidbootstrap.BootstrapButton
            android:id="@+id/button_add_event"
            android:layout_width="match_parent"
            android:layout_height="wrap_content"
            android:layout_below="@+id/button_checkpoint"
            android:layout_margin="5dp"
            android:text="Tilføj hændelse"
            bootstrapbutton:bb_gradient="true"
            bootstrapbutton:bb_icon_right="fa-exclamation"
            bootstrapbutton:bb_roundedCorners="true"
            bootstrapbutton:bb_type="info" />
	</comment>
	<comment>
		I'm closing this issue as it should belong in whichever fork you're using. It also seems probable to me that this is an Android 5.0 bug rather than anything to do with the library. As a starting point for investigation you could take bootstrap_button.xml and add it to your layout.
	</comment>
</Issue>
