<Issue>
	<title>Android Studio Preview : AwesomeTextView </title>
	<bugID> Issue #129 </bugID>
	<url>https://github.com/Bearded-Hen/Android-Bootstrap/issues/129</url>
	<labels>
		<label>bug</label>
	</labels>
	<assignees>null	</assignees>
	<developer>davcpas1234</developer>
	<commters>[davcpas1234, jamie-beardedhen]</commters>
	<number_commters>2</number_commters>
	<openTime>Mon Nov 23 23:23:35 CST 2015</openTime>
	<closedTime>Mon Nov 30 09:52:21 CST 2015</closedTime>
	<description>
		When using the new AwesomeTextView of v.2.0.0 when previewing the activity Android Studio returns and instantiation error: java.lang.RuntimeException: Font 'fontawesome-webfont-v440.ttf' not properly registered should this have been removed via View.isInEditMode()?
	</description>
	<comment>
		Thanks for the report, it should indeed be removed in editmode.
	</comment>
</Issue>
