<Issue>
	<title>can't set bootstrapbrand of bootsrapedittext programmatically </title>
	<bugID> Issue #136 </bugID>
	<url>https://github.com/Bearded-Hen/Android-Bootstrap/issues/136</url>
	<labels>
		<label>clarification_needed</label>
	</labels>
	<assignees>null	</assignees>
	<developer>azizimusa</developer>
	<commters>[azizimusa, jamie-beardedhen]</commters>
	<number_commters>2</number_commters>
	<openTime>Wed Dec 16 07:05:52 CST 2015</openTime>
	<closedTime>Mon Jan 04 10:48:41 CST 2016</closedTime>
	<description>
		There is no constant found. I found out, the old wiki have mention about this. But in the latest release, this can't be set anymore?
	</description>
	<comment>
		Can you post code which reproduces what you're having trouble with?
	</comment>
</Issue>
