<Issue>
	<title>Dropdown not working on API 23 (6.0) </title>
	<bugID> Issue #177 </bugID>
	<url>https://github.com/Bearded-Hen/Android-Bootstrap/issues/177</url>
	<labels>
		<label>bug</label>
	</labels>
	<assignees>null	</assignees>
	<developer>Djip</developer>
	<commters>[Djip, Djip, Djip, jamie-beardedhen]</commters>
	<number_commters>4</number_commters>
	<openTime>Wed Aug 17 19:09:30 CST 2016</openTime>
	<closedTime>Sat Dec 10 17:14:04 CST 2016</closedTime>
	<description>
		Dropdown doesn't shows correctly on API 23 (Marshmallow - 6.0)
	</description>
	<comment>
		Just tested on API 22, works fine.
	</comment>
	<comment>
		And if i'm having over like 10-15 items, then it doesn't even show up. Guess this goes for all API's
	</comment>
	<comment>
		BootstrapDropdown was mistakenly translating back to DP resulting in the wrong height, presumably that would be more apparent on devices running 6.0 as they'll probably have higher screen density. If this hasn't fixed it please reopen (I'm not particularly familiar with this part of the code)
	</comment>
</Issue>
