<Issue>
	<title>how to set BootstrapButton text in code </title>
	<bugID> Issue #6 </bugID>
	<url>https://github.com/Bearded-Hen/Android-Bootstrap/issues/6</url>
	<labels>
		<label>None yet</label>
	</labels>
	<assignees>null	</assignees>
	<developer>yangjiandong</developer>
	<commters>[yangjiandong, daniellevass]</commters>
	<number_commters>2</number_commters>
	<openTime>Wed Nov 13 03:16:45 CST 2013</openTime>
	<closedTime>Fri Nov 15 17:35:13 CST 2013</closedTime>
	<description>
		set BootstrapButton text in code
	</description>
	<comment>
		Hi yangjiandong - have updated Android Bootstrap to allow changes to Bootstrap Buttons and Font Awesome Texts programmatically - please check out the readme document and wiki before updating though as I've made quite a few major changes. Thanks for pointing out that the issue - I imagine it's something others wanted too!
	</comment>
</Issue>
