<Issue>
	<title>Update wiki for BootstrapDropdown and BootstrapWell implementation </title>
	<bugID> Issue #148 </bugID>
	<url>https://github.com/Bearded-Hen/Android-Bootstrap/issues/148</url>
	<labels>
		<label>enhancement</label>
	</labels>
	<assignees>null	</assignees>
	<developer>jamie-beardedhen</developer>
	<commters>[jamie-beardedhen]</commters>
	<number_commters>1</number_commters>
	<openTime>Thu Feb 25 20:55:58 CST 2016</openTime>
	<closedTime>Fri Feb 26 21:52:59 CST 2016</closedTime>
	<description>
		No description provided.
	</description>
</Issue>
