<Issue>
	<title>Converting to string: TypedValue{t=0x5/d=0x1202 a=1} </title>
	<bugID> Issue #101 </bugID>
	<url>https://github.com/Bearded-Hen/Android-Bootstrap/issues/101</url>
	<labels>
		<label>None yet</label>
	</labels>
	<assignees>null	</assignees>
	<developer>soft53ears</developer>
	<commters>[soft53ears, jamie-beardedhen, soft53ears, jamie-beardedhen, soft53ears]</commters>
	<number_commters>5</number_commters>
	<openTime>Sat Jul 11 05:00:32 CST 2015</openTime>
	<closedTime>Thu Jul 23 10:18:09 CST 2015</closedTime>
	<description>
		When I use BootstrapButton in an ArrayAdapter, the LogCat prompt below warning: Converting to string: TypedValue{t=0x5/d=0x1202 a=1} I changed it to original Button, the warning disappeared.
	</description>
	<comment>
		Possibly related to this issue https://code.google.com/p/android/issues/detail?id=78322 Do you still see the issue when "Enable View Attribute Inspection" is disabled on the development device?
	</comment>
	<comment>
		I actually didn't see this option on my cellphone...
	</comment>
	<comment>
		@soft53ears does that mean you are still seeing the issue or not?
	</comment>
	<comment>
		Yes, i'm still seeing this issue. But it seems this is not caused by this lib. Because after I changed it to some other code, the issue is still. I'm closing this issue.
	</comment>
</Issue>
