<Issue>
	<title>Android support v4 conflict using maven central </title>
	<bugID> Issue #64 </bugID>
	<url>https://github.com/Bearded-Hen/Android-Bootstrap/issues/64</url>
	<labels>
		<label>bug</label>
	</labels>
	<assignees>null	</assignees>
	<developer>kungfoolabs</developer>
	<commters>[kungfoolabs, jamie-beardedhen, jamie-beardedhen, jamie-beardedhen, kungfoolabs]</commters>
	<number_commters>5</number_commters>
	<openTime>Sun Nov 16 22:39:11 CST 2014</openTime>
	<closedTime>Fri Nov 21 17:48:42 CST 2014</closedTime>
	<description>
		Hey there! Thanks for integrating with maven, but currently, i am getting a duplicate dex file for the android support library. I tried to remove the support dependency in gradle compile ('com.beardedhen:androidbootstrap:+') { exclude module: 'support-v4' } but I realized after looking into the repo that the android support jar was included directly into the libs directly. Anyway, you could change that so that support-v4 is a dependency vs a included jar?
	</description>
	<comment>
		Thanks for bringing this to our attention - it looks like we've included it directly as a jar rather than a dependency, as that's what the project does in eclipse. I made the following change to both the library and test project build.gradle files but that's causing a multiple dex file exception. Is the exclude command required for the test project and if so would it just be the same as above? //    compile fileTree(dir: 'libs', include: '*.jar')
    compile 'com.android.support:support-v4:21.0.+'
 release
+--- com.android.support:support-v4:21.0.0
|    \--- LOCAL: internal_impl-21.0.0.jar
\--- com.beardedhen:AndroidBootstrap:1.0.0
     +--- LOCAL: android-support-v4.jar
     \--- com.android.support:support-v4:21.0.0
          \--- LOCAL: internal_impl-21.0.0.jar
	</comment>
	<comment>
		I've fixed this on my local branch, the support library wasn't needed at all for the library project. I'll push this along with some other changes within the next couple of days.
	</comment>
	<comment>
		Closing - let me know if you're still having problems with the latest version.
	</comment>
	<comment>
		Thanks for fixing! Sorry for the late response. Didn't see your response until today. Looks like everything is working.
	</comment>
</Issue>
