<Issue>
	<title>BootstrapCircleThumbnail is not displayed correctly </title>
	<bugID> Issue #65 </bugID>
	<url>https://github.com/Bearded-Hen/Android-Bootstrap/issues/65</url>
	<labels>
		<label>bug</label>
	</labels>
	<assignees>null	</assignees>
	<developer>hatim-haffane</developer>
	<commters>[hatim-haffane, jamie-beardedhen, hatim-haffane, jamie-beardedhen, hatim-haffane, jamie-beardedhen, hatim-haffane, hatim-haffane, jamie-beardedhen, theDazzler, jamie-beardedhen]</commters>
	<number_commters>11</number_commters>
	<openTime>Wed Nov 19 12:07:47 CST 2014</openTime>
	<closedTime>Tue Nov 25 11:07:30 CST 2014</closedTime>
	<description>
		hello , i'm tryng to show an image on a BootstrapCircleThumbnail , but the image show's on the top of the thumbs . see the image , her is my xml code , the image size is : 920x360 <com.beardedhen.androidbootstrap.BootstrapCircleThumbnail android:id="@+id/img_user" android:layout_width="wrap_content" android:layout_height="wrap_content" android:padding="5dp" android:layout_gravity="center_horizontal" BootstrapCircleThumbnail:bt_image="@drawable/bg_articles_list_row_image_placeholder" BootstrapCircleThumbnail:bct_size="large"/> thanks
	</description>
	<comment>
		I couldn't reproduce this exact case, can you upload the image used to trigger this? It does look like there is some weirdness trying to display png files via layout attributes - the attribute always seems to return a default value, which isn't the case for jpegs. This might be related to changes on my local branch but if not I'll raise a separate issue.
	</comment>
	<comment>
		ok here is the original image (i have this with all the images) Should I try with .jpeg images ?
	</comment>
	<comment>
		Adding that image as a jpg/png didn't reproduce the problem for me. Are you doing anything else with the BootstrapCircleThumbnail after it's instantiated e.g. calling setImage()?
	</comment>
	<comment>
		yes i set the images programatically , because i fetch them from a web server then i save them on my sdcard ?
	</comment>
	<comment>
		Can you post the code you're using to set the images?
	</comment>
	<comment>
		first i download the image to a bitmap : public static Bitmap getBitmapFromURL(String src) { try { src = src.replace(" ", "%20"); java.net.URL url = new java.net.URL(src); HttpURLConnection connection = (HttpURLConnection) url .openConnection(); connection.setDoInput(true); connection.connect(); InputStream input = connection.getInputStream(); Bitmap myBitmap = BitmapFactory.decodeStream(input); return myBitmap; } catch (IOException e) { e.printStackTrace(); return null; } } then i save it to the sdcard as a png file : public static Boolean writeImage(Bitmap btmp, String name) {     // File sdCardDirectory = Environment.getExternalStorageDirectory();
    String path = Environment.getExternalStorageDirectory().toString();

    new File(path + "/taxidiali/media").mkdirs();
    File filename = new File(path + "/taxidiali/media/" + name);

    boolean success = false;

    // Encode the file as a PNG image.
    FileOutputStream outStream;
    try {

        outStream = new FileOutputStream(filename);
        btmp.compress(Bitmap.CompressFormat.PNG, 100, outStream);
        /* 100 to keep full quality of the image */

        outStream.flush();
        outStream.close();
        success = true;
    } catch (FileNotFoundException e) {
        e.printStackTrace();
    } catch (IOException e) {
        e.printStackTrace();
    }
    return success;

}
 then when i need it i read it from the sdcard : public static Bitmap readImage(String url, String name) throws IOException { File sdCard = Environment.getExternalStorageDirectory();     File directory = new File(sdCard.getAbsolutePath() + url);

    File file = new File(directory, name); // or any other format supported

    FileInputStream streamIn = new FileInputStream(file);

    Bitmap bitmap = BitmapFactory.decodeStream(streamIn); // This gets the
                                                            // image

    streamIn.close();
    return bitmap;
}
 then i set it to the BootstrapCircleThumbnail : image_profil = (BootstrapCircleThumbnail) rowView.findViewById(R.id.img_thumb); Bitmap bMap = null; try { bMap = Utilities.readImage("/taxidiali/media/" , infosTaxi.getPhoto()); } catch (IOException e) { // TODO Auto-generated catch block e.printStackTrace(); } image_profil.setImage(bMap);
 that all
	</comment>
	<comment>
		so do i have some thing wrong with my code ?
	</comment>
	<comment>
		Looks like this is a bug in the library rather than a fault with your code. I'm not too familiar with the internal workings of the image processing so this may take a while to debug.
	</comment>
	<comment>
		I think the bug was introduced in this commit 38e3530 as well as this commit e226043 or one similar to it where the BoostrapCircleThumbnail class was refactored. Before it was refactored, you had to call this inside of setImage() placeholder.setPadding(0, 0, 0, 0);
this.dimensionsLabel.setVisibility(View.GONE);
this.image.setVisibility(View.VISIBLE);
 As you can see in your bug, the grey background is still there even though you specified an image to be there. It needs to be removed. I tried fixing it and doing a pull request but it's been a hassle trying to get it working with the old gradle version being used. I think the fix is just to add this in setImage() this.dimensionsLabel.setVisibility(View.GONE);
this.image.setVisibility(View.VISIBLE);
 and add this private variable TextView dimensionsLabel;
 and remove the line that declares this variable. My fork has the code in it before the refactoring and it works fine after adding the one line that hides the dimensionsLabel.
	</comment>
	<comment>
		@theDazzler that seems to have fixed it, I'll push an update shortly once I've resolved a few more tickets.
	</comment>
</Issue>
