<Issue>
	<title>BootstrapCircleThumbnail Error parsing XML: unbound prefix </title>
	<bugID> Issue #63 </bugID>
	<url>https://github.com/Bearded-Hen/Android-Bootstrap/issues/63</url>
	<labels>
		<label>None yet</label>
	</labels>
	<assignees>null	</assignees>
	<developer>hatim-haffane</developer>
	<commters>[hatim-haffane, theDazzler, hatim-haffane, theDazzler, jamie-beardedhen, hatim-haffane, jamie-beardedhen, hatim-haffane, jamie-beardedhen]</commters>
	<number_commters>9</number_commters>
	<openTime>Fri Nov 14 23:04:03 CST 2014</openTime>
	<closedTime>Mon Nov 17 10:04:47 CST 2014</closedTime>
	<description>
		hello i'm trying to integrate the BootstrapCircleThumbnail on my list item , but when i call it i get this error error: Error parsing XML: unbound prefix. Here is my code             <com.beardedhen.androidbootstrap.BootstrapCircleThumbnail
                android:id="@+id/txt_long_desc"
                android:layout_width="wrap_content"
                android:layout_height="wrap_content"
                bootstrap:bct_image="@drawable/ic_taxi_detail_phone"
                bootstrap:bct_size="large" />
     </LinearLayout>
	</description>
	<comment>
		Inside the xml of your BootstrapCircleThumbnail you need to use the same name you declared at the top of your file. You don't have "bootstrap" declared anywhere. You have "xmlns:bootstrapbutton" and "xmlns:fontawesometext"
	</comment>
	<comment>
		even if i add the BootstrapCircleThumbnail ="http://schemas.android.com/apk/res-auto" i still get the error
	</comment>
	<comment>
		You can call it whatever you want on top, but you have to use that name inside the view. If you add this, bootstrapthumbnail="http://schemas.android.com/apk/res-auto"
 Then you need to change this bootstrap:bct_image="@drawable/ic_taxi_detail_phone"
bootstrap:bct_size="large"
 to this bootstrapthumbnail="@drawable/ic_taxi_detail_phone"
bootstrapthumbnail="large"
 All you need at the top is this though: bootstrap="http://schemas.android.com/apk/res-auto"
 You don't need all three like this bootstrapbutton="http://schemas.android.com/apk/res-auto"
bootstrapthumbnail="http://schemas.android.com/apk/res-auto"
fontawesometext="http://schemas.android.com/apk/res-auto"
 Then just use the name "bootstrap" everywhere you use custom attributes
	</comment>
	<comment>
		I've updated the readme just in case someone comes across this again in future. The comments already cover it very well, so I'm closing this ticket - feel free to comment again if you're still having problems.
	</comment>
	<comment>
		thanks for your help its works now , but i have a small question , what is the best image size for each size the BootstrapCircleThumbnail ???
	</comment>
	<comment>
		The BootstrapCircleThumbnail sizes (dp) are pasted below, so you should aim for them if you're looking to save space. private static final int SIZE_SMALL = 48; //dp total size (outer circle)
private static final int SIZE_MEDIUM = 80;//dp
private static final int SIZE_LARGE = 112;//dp
private static final int SIZE_XLARGE = 176;//dp
	</comment>
	<comment>
		hello , sorry for all this questions , so i want to ask you if i can do a .getDrawable(); from the BootstrapCircleThumbnail , and also i cant make the image show properly on the BootstrapCircleThumbnail , thanks
	</comment>
	<comment>
		Can you create a separate issue for these image issues and post whatever code you've written? BootstrapCircleThumbnail doesn't have a getDrawable() method, why do you need to use that?
	</comment>
</Issue>
