<Issue>
	<title>Dependency Problem </title>
	<bugID> Issue #167 </bugID>
	<url>https://github.com/Bearded-Hen/Android-Bootstrap/issues/167</url>
	<labels>
		<label>None yet</label>
	</labels>
	<assignees>null	</assignees>
	<developer>vladf95</developer>
	<commters>[vladf95, jamie-beardedhen]</commters>
	<number_commters>2</number_commters>
	<openTime>Sun May 29 14:27:01 CST 2016</openTime>
	<closedTime>Tue May 31 09:04:21 CST 2016</closedTime>
	<description>
		I try to use this dependency: compile 'com.github.Bearded-Hen:Android-Bootstrap:2.1.0' My android studio says: Failed to resolve: com.github.Bearded-Hen:Android-Bootstrap:2.1.0 What shoult I do? repositories {maven { url "https://jitpack.io" }} is added in the bulid file.
	</description>
	<comment>
		Use the artefact from Maven Central, as described in the README, or fork your own repo & tag a release if you want to use Jitpack.
	</comment>
</Issue>
