<Issue>
	<title>can't set BootstrapEditText start text at top left </title>
	<bugID> Issue #128 </bugID>
	<url>https://github.com/Bearded-Hen/Android-Bootstrap/issues/128</url>
	<labels>
		<label>None yet</label>
	</labels>
	<assignees>null	</assignees>
	<developer>azizimusa</developer>
	<commters>[azizimusa, SelimEmre, jamie-beardedhen]</commters>
	<number_commters>3</number_commters>
	<openTime>Mon Nov 23 15:19:06 CST 2015</openTime>
	<closedTime>Mon Nov 23 16:25:02 CST 2015</closedTime>
	<description>
		This is my BootstrapEditText in my layout <com.beardedhen.androidbootstrap.BootstrapEditText
                    xmlns:app="http://schemas.android.com/apk/res-auto"
                    android:layout_width="match_parent"
                    android:layout_height="130dp"
                    android:hint="@string/form_input"
                    android:layout_marginTop="10dp"
                    android:layout_marginBottom="10dp"
                    app:bootstrapSize="lg"
                    app:bootstrapBrand="info"
                    app:roundedCorners="true"
                    android:gravity="top|left"/>
 I want it when the user start typing inside it. The text start at top and left corner. Seem that the gravity i set isn't work.
	</description>
	<comment>
		Please try BootstrapEdittext id .setGravity(Gravity.TOP);
	</comment>
	<comment>
		Duplicate of #115, code itself is fixed, the artefact hasn't been updated yet
	</comment>
</Issue>
