<Issue>
	<title>Every Font Awesome 4.2.0 Icon </title>
	<bugID> Issue #67 </bugID>
	<url>https://github.com/Bearded-Hen/Android-Bootstrap/issues/67</url>
	<labels>
		<label>None yet</label>
	</labels>
	<assignees>null	</assignees>
	<developer>kamilwlf</developer>
	<commters>[kamilwlf, jamie-beardedhen, jamie-beardedhen]</commters>
	<number_commters>3</number_commters>
	<openTime>Fri Nov 21 09:36:52 CST 2014</openTime>
	<closedTime>Fri Nov 21 17:38:24 CST 2014</closedTime>
	<description>
		bad displays some font Awesome 4.2.0 Icon: bootstrapbutton:bb_icon_left="fa-bus"
	</description>
	<comment>
		I couldn't reproduce this. Have you definitely copied the fontawesome font file to the assets folder of your project? If not, can you list any further 4.2.0 icons you've noticed that don't work?
	</comment>
	<comment>
		The font file is in 2 places in the source, and had only been updated in the test project. I've pushed a fix for this and will close the ticket - let me know if this doesn't solve the problem.
	</comment>
</Issue>
