<Issue>
	<title>BootstrapButton to set a fixed width abnormal </title>
	<bugID> Issue #32 </bugID>
	<url>https://github.com/Bearded-Hen/Android-Bootstrap/issues/32</url>
	<labels>
		<label>None yet</label>
	</labels>
	<assignees>null	</assignees>
	<developer>llydream</developer>
	<commters>[llydream]</commters>
	<number_commters>1</number_commters>
	<openTime>Fri Dec 20 08:59:38 CST 2013</openTime>
	<closedTime>Tue Oct 14 15:54:28 CST 2014</closedTime>
	<description>
		I modified the official demo of the value of fixed-width，code�? exception Can you tell me why ？？�?
	</description>
</Issue>
