<Issue>
	<title>BootstrapDropDown doesn't work in Preview </title>
	<bugID> Issue #183 </bugID>
	<url>https://github.com/Bearded-Hen/Android-Bootstrap/issues/183</url>
	<labels>
		<label>clarification_needed</label>
		<label>ready_for_testing</label>
	</labels>
	<assignees>null	</assignees>
	<developer>StNekroman</developer>
	<commters>[StNekroman, jamie-beardedhen, StNekroman]</commters>
	<number_commters>3</number_commters>
	<openTime>Fri Dec 02 12:54:58 CST 2016</openTime>
	<closedTime>Tue Jan 03 21:47:45 CST 2017</closedTime>
	<description>
		
	</description>
	<comment>
		@StNekroman this should hopefully be fixed in 2.3.1, could you or someone else please check this out against the Maven artefact to make sure the Preview Editor isn't now failing at something else?
	</comment>
	<comment>
		Yes, it is fixed.
	</comment>
</Issue>
