<Issue>
	<title>Failed to resolve: com.beardedhen:androidbootstrap:+ in Android Studio </title>
	<bugID> Issue #87 </bugID>
	<url>https://github.com/Bearded-Hen/Android-Bootstrap/issues/87</url>
	<labels>
		<label>None yet</label>
	</labels>
	<assignees>null	</assignees>
	<developer>krupalshah</developer>
	<commters>[krupalshah, jamie-beardedhen]</commters>
	<number_commters>2</number_commters>
	<openTime>Sun Feb 22 12:46:30 CST 2015</openTime>
	<closedTime>Mon Feb 23 09:39:42 CST 2015</closedTime>
	<description>
		In Android STudio, Library isn't compiling and showing error as: Error:(25, 13) Failed to resolve: com.beardedhen:androidbootstrap:+
	</description>
	<comment>
		This is an issue with your top-level build.gradle, it sounds like you haven't specified mavenCentral() as a repository.
	</comment>
</Issue>
