<Issue>
	<title>Attribute "progress" has already been defined </title>
	<bugID> Issue #161 </bugID>
	<url>https://github.com/Bearded-Hen/Android-Bootstrap/issues/161</url>
	<labels>
		<label>bug</label>
		<label>ready_for_testing</label>
	</labels>
	<assignees>null	</assignees>
	<developer>shuufi</developer>
	<commters>[shuufi, jamie-beardedhen, jamie-beardedhen, shuufi]</commters>
	<number_commters>4</number_commters>
	<openTime>Sat May 14 14:57:29 CST 2016</openTime>
	<closedTime>Sat Jul 02 10:29:58 CST 2016</closedTime>
	<description>
		I'm not able to import your library. Gradle failed to build with this error message Error:(1620) Attribute "progress" has already been defined. I'm currently using Support library v23.4.0. Thanks.
	</description>
	<comment>
		Can you post the full stacktrace? Sounds like the progress attribute has been defined elsewhere in one of your other dependencies.
	</comment>
	<comment>
		Should be fixed in the latest version, reopen if you're still having problems.
	</comment>
	<comment>
		Fantastic. I'm able to load this into my project now. Thank you very much @jamie-beardedhen
	</comment>
</Issue>
