<Issue>
	<title>"fill_parent" not working for button </title>
	<bugID> Issue #31 </bugID>
	<url>https://github.com/Bearded-Hen/Android-Bootstrap/issues/31</url>
	<labels>
		<label>None yet</label>
	</labels>
	<assignees>null	</assignees>
	<developer>railskarthi</developer>
	<commters>[railskarthi, daniellevass, bartoszostrowski, ronyv89, jamie-beardedhen]</commters>
	<number_commters>5</number_commters>
	<openTime>Fri Dec 13 12:02:33 CST 2013</openTime>
	<closedTime>Tue Oct 14 16:03:24 CST 2014</closedTime>
	<description>
		Usually fill_parent should occupy the entire parent width only. But in BootstrapButton it occupy the entire parent width and height         <com.beardedhen.androidbootstrap.BootstrapButton
            android:id="@+id/registerComplaintGreviance"
            android:layout_width="fill_parent"
            android:layout_height="wrap_content"
            android:layout_centerHorizontal="true"
            android:orientation="vertical"
            android:text="@string/register_complaint"
            bootstrapbutton:bb_roundedCorners="true"
            bootstrapbutton:bb_type="primary" />
	</description>
	<comment>
		Hi railskarthi, I should've fixed this is the most recent update (last friday) - also google deprecated "fill_parent" (this was news to me too) and prefer people to use "match_parent". Let me know if updating fixes the issue, hope that helps! Danielle.
	</comment>
	<comment>
		You are right. "fill_parent" is deprecated, but the mentioned problem occurs also with "match_parent"!
	</comment>
	<comment>
		Is there a solution for this?
	</comment>
	<comment>
		fixed with #43
	</comment>
</Issue>
