<Issue>
	<title>Include Material Icons Font in the library </title>
	<bugID> Issue #166 </bugID>
	<url>https://github.com/Bearded-Hen/Android-Bootstrap/issues/166</url>
	<labels>
		<label>enhancement</label>
		<label>ready_for_testing</label>
	</labels>
	<assignees>null	</assignees>
	<developer>jamie-beardedhen</developer>
	<commters>[jamie-beardedhen]</commters>
	<number_commters>1</number_commters>
	<openTime>Wed May 25 08:27:55 CST 2016</openTime>
	<closedTime>Sat Jul 02 10:29:24 CST 2016</closedTime>
	<description>
		The Material Icons font (design.google.com/icons/) should be included in the library by default, and the sample code should be updated to reflect this
	</description>
</Issue>
