<Issue>
	<title>Update to FontAwesome 4.3 </title>
	<bugID> Issue #83 </bugID>
	<url>https://github.com/Bearded-Hen/Android-Bootstrap/issues/83</url>
	<labels>
		<label>None yet</label>
	</labels>
	<assignees>null	</assignees>
	<developer>jamie-beardedhen</developer>
	<commters>[jamie-beardedhen, fmakdemir, jamie-beardedhen]</commters>
	<number_commters>3</number_commters>
	<openTime>Fri Feb 06 09:49:29 CST 2015</openTime>
	<closedTime>Wed Feb 18 18:00:25 CST 2015</closedTime>
	<description>
		Need to update the library so that 4.3 icons can be used - this would be a good time to create a script that parses the cheatsheet and does it automatically.
	</description>
	<comment>
		I actually wrote a script that generates the font awesome map file it was in js but I can easily port it to Java python etc
	</comment>
	<comment>
		I started writing a Python script last night and it's mostly done, just needs a bit of tidying up. This issue is essentially a reminder so I don't forget about it.
	</comment>
</Issue>
