<Issue>
	<title>Bootstrap Label Corners not changing to Square </title>
	<bugID> Issue #181 </bugID>
	<url>https://github.com/Bearded-Hen/Android-Bootstrap/issues/181</url>
	<labels>
		<label>bug</label>
	</labels>
	<assignees>null	</assignees>
	<developer>JP1016</developer>
	<commters>[JP1016, jamie-beardedhen]</commters>
	<number_commters>2</number_commters>
	<openTime>Sun Oct 16 10:57:51 CST 2016</openTime>
	<closedTime>Sat Dec 10 17:11:55 CST 2016</closedTime>
	<description>
		Im always getting the rounded corners  <com.beardedhen.androidbootstrap.BootstrapLabel
                            android:layout_width="wrap_content"
                            android:layout_height="wrap_content"
                            android:layout_weight="50"
                            android:text="05:15"
                            app:bootstrapBrand="info"
                            app:bootstrapHeading="h6"
                            app:roundedCorners="false"
                            />
 xmlns:app="http://schemas.android.com/apk/res-auto"
 changing the app:roundedCorners is not making any changes nor does setRounded method
	</description>
	<comment>
		Fixed in 2.3.1
	</comment>
</Issue>
