<Issue>
	<title>Button Colors </title>
	<bugID> Issue #26 </bugID>
	<url>https://github.com/Bearded-Hen/Android-Bootstrap/issues/26</url>
	<labels>
		<label>None yet</label>
	</labels>
	<assignees>null	</assignees>
	<developer>theDazzler</developer>
	<commters>[theDazzler, jamie-beardedhen]</commters>
	<number_commters>2</number_commters>
	<openTime>Thu Dec 12 03:17:47 CST 2013</openTime>
	<closedTime>Fri Oct 17 16:57:48 CST 2014</closedTime>
	<description>
		I am creating this issue to discuss the new button colors I added. Yay or nay? Most of them are based on these colors: http://developer.android.com/design/style/color.html Here are the colors now: Here are the new proposed ones: Disregard the gradient buttons for now. I'll make a new issue
	</description>
	<comment>
		We will probably keep button colors as they are for now to keep in line with Bootstrap v3. If we update them in future we will probably use material design colors as Android has moved on a bit since this was posted!
	</comment>
</Issue>
