<Issue>
	<title>Question about BootstrapEditText, set gravity not work! </title>
	<bugID> Issue #95 </bugID>
	<url>https://github.com/Bearded-Hen/Android-Bootstrap/issues/95</url>
	<labels>
		<label>None yet</label>
	</labels>
	<assignees>null	</assignees>
	<developer>luohaha</developer>
	<commters>[luohaha, jamie-beardedhen, luohaha, jamie-beardedhen]</commters>
	<number_commters>4</number_commters>
	<openTime>Thu Apr 23 08:15:10 CST 2015</openTime>
	<closedTime>Fri Jun 05 09:21:03 CST 2015</closedTime>
	<description>
		When I use BootstrapEditText, I want to set "android:gravity="top|left" ", but it seem not working well.
	</description>
	<comment>
		Can you clarify what behaviour you're seeing with the attribute, and what you would expect to see? Is the problem still there if you use the same attributes for a plain Android EditText?
	</comment>
	<comment>
		The EditText which I use will contains multi lines. And I want to set the cursor on the top left corner. It work well when I used a plain Android EditText with "android:gravity="top|left" ". But it doesn't work well using BootstrapEditText, the cursor still on the center.
	</comment>
	<comment>
		Should be fixed by #98, thanks for the PR
	</comment>
</Issue>
