<Issue>
	<title>Plz don't let FontAwesomeText extends Framelayout </title>
	<bugID> Issue #81 </bugID>
	<url>https://github.com/Bearded-Hen/Android-Bootstrap/issues/81</url>
	<labels>
		<label>enhancement</label>
	</labels>
	<assignees>null	</assignees>
	<developer>onewilk</developer>
	<commters>[onewilk, jamie-beardedhen, jamie-beardedhen]</commters>
	<number_commters>3</number_commters>
	<openTime>Fri Jan 16 08:13:55 CST 2015</openTime>
	<closedTime>Fri Mar 13 18:12:05 CST 2015</closedTime>
	<description>
		<LinearLayout
    android:layout_width="match_parent"
    android:layout_height="40dp"
    android:layout_centerInParent="true"
    android:gravity="center"
    android:background="@color/md_red_700"
    android:orientation="horizontal">

    <com.beardedhen.androidbootstrap.FontAwesomeText
        android:id="@+id/trash"
        android:layout_weight="1"
        android:layout_width="0dp"
        android:layout_height="wrap_content"
        app:fa_icon="fa-trash"
        android:gravity="center"
        android:layout_gravity="center"
        android:textColor="@color/md_white"
        android:textSize="26sp" />

    <com.beardedhen.androidbootstrap.FontAwesomeText
        android:id="@+id/share"
        android:layout_weight="1"
        android:gravity="center"
        android:layout_gravity="center"
        android:layout_width="0dp"
        android:layout_height="wrap_content"
        app:fa_icon="fa-qrcode"
        android:textColor="@color/md_white"
        android:textSize="26sp" />

    <com.beardedhen.androidbootstrap.FontAwesomeText
        android:id="@+id/copy"
        android:layout_weight="1"
        android:gravity="center"
        android:layout_gravity="center"
        android:layout_width="0dp"
        android:layout_height="wrap_content"
        app:fa_icon="fa-copy"
        android:textColor="@color/md_white"
        android:textSize="26sp" />
</LinearLayout>
 You know that the FontAwesomeText is extends Framelayout,so gravity and layout_gravity will not work...I have to write a lot of code to fix this problem... just like this     <LinearLayout
        android:layout_width="0dp"
        android:layout_height="wrap_content"
        android:layout_weight="1"
        android:gravity="center"
        android:padding="10dp"
        android:orientation="horizontal">

        <com.beardedhen.androidbootstrap.FontAwesomeText
            android:id="@+id/trash"
            android:layout_width="wrap_content"
            android:layout_height="wrap_content"
            app:fa_icon="fa-trash"
            android:textColor="@color/md_white"
            android:textSize="26sp" />
    </LinearLayout>

    <LinearLayout
        android:layout_width="0dp"
        android:layout_height="wrap_content"
        android:layout_weight="1"
        android:gravity="center"
        android:padding="10dp"
        android:orientation="horizontal">

        <com.beardedhen.androidbootstrap.FontAwesomeText
            android:id="@+id/share"
            android:layout_width="wrap_content"
            android:layout_height="wrap_content"
            app:fa_icon="fa-qrcode"
            android:textColor="@color/md_white"
            android:textSize="26sp" />
    </LinearLayout>

    <LinearLayout
        android:layout_width="0dp"
        android:layout_height="wrap_content"
        android:layout_weight="1"
        android:gravity="center"
        android:padding="10dp"
        android:orientation="horizontal">

        <com.beardedhen.androidbootstrap.FontAwesomeText
            android:id="@+id/copy"
            android:layout_width="wrap_content"
            android:layout_height="wrap_content"
            app:fa_icon="fa-copy"
            android:textColor="@color/md_white"
            android:textSize="26sp" />
    </LinearLayout>
</LinearLayout>
 It's so annoying... Sorry for my poor english , just forget it... I hope you know what i mean...Plz fix it,don't extends Framelayout
	</description>
	<comment>
		Ideally I think FontAwesomeText should extend TextView, as it doesn't seem to need any ViewGroup functionality. It would also be worth changing BootstrapButton so that button icons can also be animated/change color.
	</comment>
	<comment>
		Fixed with latest version
	</comment>
</Issue>
