<Issue>
	<title>Cannot use .getText method to retrieve the text in Bootstrap button </title>
	<bugID> Issue #52 </bugID>
	<url>https://github.com/Bearded-Hen/Android-Bootstrap/issues/52</url>
	<labels>
		<label>None yet</label>
	</labels>
	<assignees>null	</assignees>
	<developer>diaz994</developer>
	<commters>[diaz994, fmakdemir, theDazzler, jamie-beardedhen]</commters>
	<number_commters>4</number_commters>
	<openTime>Tue Jul 15 06:08:09 CST 2014</openTime>
	<closedTime>Thu Oct 16 15:44:13 CST 2014</closedTime>
	<description>
		I am trying to retrieve the text from the button, but I cannot access the .getText method in an onClick method even when I cast the view to a BootstrapButton.
	</description>
	<comment>
		It seems to be forgotten.. I needed the same thing so I added it to my customized version
	</comment>
	<comment>
		@diaz994 @Fmakdemir You may want to check out my fork here: https://github.com/theDazzler/Android-Bootstrap. I have added some features and made BootstrapButton extend Android's Button class so you have all of the functionality of the Button class like getText().
	</comment>
	<comment>
		Hi, This issue should be fixed now, although I'm not sure why you'd need to access getText() on a button click. Wouldn't getTag() be cleaner?
	</comment>
</Issue>
