<Issue>
	<title>bct_minimal no longer working? </title>
	<bugID> Issue #138 </bugID>
	<url>https://github.com/Bearded-Hen/Android-Bootstrap/issues/138</url>
	<labels>
		<label>None yet</label>
	</labels>
	<assignees>null	</assignees>
	<developer>theunreal</developer>
	<commters>[theunreal, jamie-beardedhen]</commters>
	<number_commters>2</number_commters>
	<openTime>Sun Dec 27 19:55:27 CST 2015</openTime>
	<closedTime>Mon Jan 04 10:48:22 CST 2016</closedTime>
	<description>
		I'm trying to set the bct_ prefixed parameters and seem like they have no effect on my app image. The white border keep showing no matter what I'm trying. ` <com.beardedhen.androidbootstrap.BootstrapCircleThumbnail
    android:layout_width="50dp"
    android:layout_height="50dp"
    app:bootstrapBrand="danger"
    bootstrap:bct_minimal="true"
    android:layout_margin="3dp"
    />
 `
	</description>
	<comment>
		The API has changed in v2.0.0, either revert to v1.2.3, or update to bootstrap:hasBorder="false". Check the example code or feel free to comment again if this doesn't solve your problem.
	</comment>
</Issue>
