<Issue>
	<title>Cannot preview elements on layout editor </title>
	<bugID> Issue #94 </bugID>
	<url>https://github.com/Bearded-Hen/Android-Bootstrap/issues/94</url>
	<labels>
		<label>None yet</label>
	</labels>
	<assignees>null	</assignees>
	<developer>orphee2633</developer>
	<commters>[orphee2633, jamie-beardedhen]</commters>
	<number_commters>2</number_commters>
	<openTime>Tue Apr 14 00:28:09 CST 2015</openTime>
	<closedTime>Tue Apr 14 08:37:16 CST 2015</closedTime>
	<description>
		When i compile the application i can see perfectly the buttons and stuff, but in preview i get an error: The following classes could not be found: com.beardedhen.androidbootstrap.BootstrapButton.
	</description>
	<comment>
		See #76
	</comment>
</Issue>
