<Issue>
	<title>Project converted to jar </title>
	<bugID> Issue #30 </bugID>
	<url>https://github.com/Bearded-Hen/Android-Bootstrap/issues/30</url>
	<labels>
		<label>None yet</label>
	</labels>
	<assignees>null	</assignees>
	<developer>raku</developer>
	<commters>[raku, daniellevass, raku, colymore]</commters>
	<number_commters>4</number_commters>
	<openTime>Fri Dec 13 09:33:39 CST 2013</openTime>
	<closedTime>Tue Oct 14 15:45:10 CST 2014</closedTime>
	<description>
		Wouldn't be better to convert it to a jar library?
	</description>
	<comment>
		Hi raku, Probably not, users wouldn't get the benefits of using the colours or layouts elsewhere. At the moment you can set some text to exactly the same colour as the danger button colour, a jar would remove this functionality. Hope that helps, Danielle.
	</comment>
	<comment>
		Thanks, but what if you load theme from an external file, then a jar will be ok, I think
	</comment>
	<comment>
		Works if compile to .jar? I want to do it and use in maven project but i know if its possible
	</comment>
</Issue>
