<Issue>
	<title>[Question] How to text align left in BootstrapLabel </title>
	<bugID> Issue #182 </bugID>
	<url>https://github.com/Bearded-Hen/Android-Bootstrap/issues/182</url>
	<labels>
		<label>bug</label>
	</labels>
	<assignees>null	</assignees>
	<developer>khalid-mahmood</developer>
	<commters>[khalid-mahmood, hyorkim11, khalid-mahmood, jamie-beardedhen, khalid-mahmood, jamie-beardedhen, jamie-beardedhen]</commters>
	<number_commters>7</number_commters>
	<openTime>Mon Nov 21 08:02:51 CST 2016</openTime>
	<closedTime>Sat Dec 10 17:11:47 CST 2016</closedTime>
	<description>
		how can i set Text align left in BootstrapLabel ? android:gravity="left" not working.
	</description>
	<comment>
		check parent container's alignments first 👎 1
	</comment>
	<comment>
		@hyorkim11 its not dependent on parent.
	</comment>
	<comment>
		@khalid-mahmood please post a minimal code example which can be used to reproduce the issue.
	</comment>
	<comment>
		<RelativeLayout
        android:layout_width="match_parent"
        android:layout_height="match_parent">

        <com.beardedhen.androidbootstrap.BootstrapLabel
            android:id="@+id/product_price"
            android:layout_width="match_parent"
            android:layout_height="wrap_content"
            app:bootstrapBrand="custom"
            app:bootstrapHeading="h6"
            app:roundedCorners="true"
            tools:text="Price" />
 it show label with center text even if i use android:gravity="left"
	</comment>
	<comment>
		android:gravity wasn't being respected for AwesomeTextView, BootstrapLabel, BootstrapButton, and BootstrapDropdown - a fix should be available shortly
	</comment>
	<comment>
		Fixed in 2.3.1
	</comment>
</Issue>
