<Issue>
	<title>Wiki page need update. </title>
	<bugID> Issue #124 </bugID>
	<url>https://github.com/Bearded-Hen/Android-Bootstrap/issues/124</url>
	<labels>
		<label>None yet</label>
	</labels>
	<assignees>null	</assignees>
	<developer>azizimusa</developer>
	<commters>[azizimusa]</commters>
	<number_commters>1</number_commters>
	<openTime>Sat Nov 07 02:48:21 CST 2015</openTime>
	<closedTime>Sat Nov 07 03:10:35 CST 2015</closedTime>
	<description>
		Most of it are deprecated.
	</description>
</Issue>
