<Issue>
	<title>Button takes all height even when using wrap_content </title>
	<bugID> Issue #34 </bugID>
	<url>https://github.com/Bearded-Hen/Android-Bootstrap/issues/34</url>
	<labels>
		<label>None yet</label>
	</labels>
	<assignees>null	</assignees>
	<developer>dschuermann</developer>
	<commters>[dschuermann, aminix, jamie-beardedhen]</commters>
	<number_commters>3</number_commters>
	<openTime>Tue Jan 14 20:25:56 CST 2014</openTime>
	<closedTime>Tue Oct 14 16:06:56 CST 2014</closedTime>
	<description>
		In many layouts I was forced to set the layout_height of BootstrapButtons to 60dp instead of wrap_content to prevent them from taking the whole available height. See this screenshot as an example (corresponding to https://github.com/dschuermann/openpgp-keychain/blob/master/OpenPGP-Keychain/res/layout/edit_key_key_item.xml ):
	</description>
	<comment>
		Happens the same to me, android:layout_height="wrap_content" behaves the same way with "match_parent" and "fill_parent" for BootstrapButton. Setting a fixed height fixes it but there are issues with centering the button's text, which Im not sure is the same issue.
	</comment>
	<comment>
		no longer reproducible, closing
	</comment>
</Issue>
