<Issue>
	<title>java.lang.NoSuchFieldError </title>
	<bugID> Issue #78 </bugID>
	<url>https://github.com/Bearded-Hen/Android-Bootstrap/issues/78</url>
	<labels>
		<label>None yet</label>
	</labels>
	<assignees>null	</assignees>
	<developer>Ofiro</developer>
	<commters>[Ofiro, Ofiro, jamie-beardedhen]</commters>
	<number_commters>3</number_commters>
	<openTime>Mon Dec 29 13:14:17 CST 2014</openTime>
	<closedTime>Mon Dec 29 13:36:07 CST 2014</closedTime>
	<description>
		trying to add a bootstrap button and i get this errors Rendering Problems The following classes could not be instantiated: - com.beardedhen.androidbootstrap.BootstrapButton (Open Class, Show Exception) Tip: Use View.isInEditMode() in your custom views to skip code or show sample data when shown in the IDE Exception Details java.lang.NoSuchFieldError: layout   at com.beardedhen.androidbootstrap.BootstrapButton.initialise(BootstrapButton.java:186)   at com.beardedhen.androidbootstrap.BootstrapButton.(BootstrapButton.java:108)   at java.lang.reflect.Constructor.newInstance(Constructor.java:408)   at android.view.LayoutInflater.rInflate_Original(LayoutInflater.java:806)   at android.view.LayoutInflater_Delegate.rInflate(LayoutInflater_Delegate.java:64)   at android.view.LayoutInflater.rInflate(LayoutInflater.java:782)   at android.view.LayoutInflater.rInflate_Original(LayoutInflater.java:809)   at android.view.LayoutInflater_Delegate.rInflate(LayoutInflater_Delegate.java:64)   at android.view.LayoutInflater.rInflate(LayoutInflater.java:782)   at android.view.LayoutInflater.rInflate_Original(LayoutInflater.java:809)   at android.view.LayoutInflater_Delegate.rInflate(LayoutInflater_Delegate.java:64)   at android.view.LayoutInflater.rInflate(LayoutInflater.java:782)   at android.view.LayoutInflater.inflate(LayoutInflater.java:504)   at android.view.LayoutInflater.inflate(LayoutInflater.java:385) Copy stack to clipboard
	</description>
	<comment>
		this is my xml <com.beardedhen.androidbootstrap.BootstrapButton android:layout_width="fill_parent" android:layout_height="wrap_content" android:text="Test" bootstrapbutton:bb_icon_left="fa-check-square-o" bootstrapbutton:bb_icon_right="fa-hand-o-right" bootstrapbutton:bb_roundedCorners="true" bootstrapbutton:bb_type="primary" android:paddingBottom="5dp" android:paddingTop="5dp"/> added xmlns:bootstrap="http://schemas.android.com/apk/res-auto" xmlns:bootstrapbutton="http://schemas.android.com/apk/res-auto" on top of the xml file.
	</comment>
	<comment>
		It looks like this is a duplicate of #76 (previewing layouts doesn't work on Android Studio 1.0). Feel free to reopen this ticket if you can reproduce the problem when running your app on a real device.
	</comment>
</Issue>
