<Issue>
	<title>How to add icon and text in same button </title>
	<bugID> Issue #180 </bugID>
	<url>https://github.com/Bearded-Hen/Android-Bootstrap/issues/180</url>
	<labels>
		<label>None yet</label>
	</labels>
	<assignees>null	</assignees>
	<developer>MatiasMoreno</developer>
	<commters>[MatiasMoreno, jamie-beardedhen, MatiasMoreno]</commters>
	<number_commters>3</number_commters>
	<openTime>Mon Oct 10 08:24:04 CST 2016</openTime>
	<closedTime>Mon Oct 10 08:27:12 CST 2016</closedTime>
	<description>
		Hi, I have updated the plugin and now i cant design a button with FA icon and text, i have this code:     <com.beardedhen.androidbootstrap.BootstrapButton
        android:layout_width="wrap_content"
        android:layout_height="wrap_content"
        android:layout_margin="10dp"
        android:layout_gravity="right"
        android:onClick="aplicarSettings"
        bootstrap:bootstrapText="Save"
        bootstrap:bootstrapBrand="success"
        bootstrap:roundedCorners="true"
        bootstrap:fontAwesomeIcon="fa_save"/>
 Only show the text, and if i delete the line bootstrap:bootstrapText="Save" only show the icon with the line android:text="Save" Thanks
	</description>
	<comment>
		You can achieve this using the bootstrapText attribute:     android:layout_width="wrap_content"
    android:layout_height="wrap_content"
    app:bootstrapBrand="success"
    app:bootstrapText="Share on {fa_facebook} with a {fa_thumbs_o_up}"
    />```
 👍 1
	</comment>
	<comment>
		Thanks! Regards.
	</comment>
</Issue>
