<Issue>
	<title>Error in parsing the layout_width in BootstrapButton </title>
	<bugID> Issue #55 </bugID>
	<url>https://github.com/Bearded-Hen/Android-Bootstrap/issues/55</url>
	<labels>
		<label>None yet</label>
	</labels>
	<assignees>null	</assignees>
	<developer>ay27</developer>
	<commters>[ay27, jamie-beardedhen]</commters>
	<number_commters>2</number_commters>
	<openTime>Sun Sep 14 13:10:27 CST 2014</openTime>
	<closedTime>Tue Oct 14 16:02:33 CST 2014</closedTime>
	<description>
		Like this: <com.beardedhen.androidbootstrap.BootstrapButton
    android:layout_width="120dp"
    android:layout_height="wrap_content"
    android:text="Default"
    bootstrapbutton:bb_icon_left="fa-heart"
    bootstrapbutton:bb_type="default"/>
 There will throw an NumberFormatException in parsing the attribute layout_width in the BootstrapButton.
	</description>
	<comment>
		fixed with #43, closing
	</comment>
</Issue>
