<Issue>
	<title>Strange display with AppCompat </title>
	<bugID> Issue #85 </bugID>
	<url>https://github.com/Bearded-Hen/Android-Bootstrap/issues/85</url>
	<labels>
		<label>None yet</label>
	</labels>
	<assignees>null	</assignees>
	<developer>BackPackerDz</developer>
	<commters>[BackPackerDz, jamie-beardedhen, BackPackerDz, jamie-beardedhen, BackPackerDz, jamie-beardedhen, BackPackerDz]</commters>
	<number_commters>7</number_commters>
	<openTime>Fri Feb 06 21:32:06 CST 2015</openTime>
	<closedTime>Mon Feb 09 14:39:02 CST 2015</closedTime>
	<description>
		Hello, can anyone help me please ? When I use holo theme I have this result with BootstrapEditText And when I use Theme.AppCompat.Light.DarkActionBar, I have this strange result !
	</description>
	<comment>
		@SqualalaTeam have you changed anything else other than the theme, and does this occur when running the app on a real device? I assume the weird behaviour is the capitalisation?
	</comment>
	<comment>
		@jamie-beardedhen I have not changed anything, and I use the theme "Theme.AppCompat.Light.DarkActionBar" and yes this happens on real devices
	</comment>
	<comment>
		Can you post the layout XML that causes this issue?
	</comment>
	<comment>
		<LinearLayout 
android:layout_width="match_parent"
android:layout_height="match_parent"
android:orientation="vertical">


<com.beardedhen.androidbootstrap.BootstrapEditText
    android:id="@+id/editPseudoSign"
    android:layout_marginTop="20dp"
    android:inputType="text"
    android:layout_width="match_parent"
    android:layout_height="wrap_content"
    android:hint="@string/nom_et_prenom"
    bootstrapbutton:be_roundedCorners="false"
    bootstrapbutton:be_state="primary"
    android:ems="10" >

    <requestFocus />
</com.beardedhen.androidbootstrap.BootstrapEditText>

<com.beardedhen.androidbootstrap.BootstrapEditText
    android:id="@+id/editMdpSign"
    android:inputType="textPassword"
    android:layout_width="match_parent"
    android:layout_height="wrap_content"
    android:hint="@string/mot_de_passe"
    bootstrapbutton:be_roundedCorners="false"
    bootstrapbutton:be_state="primary"
    android:ems="10" />


<com.beardedhen.androidbootstrap.BootstrapEditText
    android:id="@+id/editMdpConfirmeSign"
    android:layout_width="match_parent"
    android:layout_height="wrap_content"
    android:inputType="textPassword"
    android:hint="@string/confirme_mdp"
    android:visibility="gone"
    bootstrapbutton:be_roundedCorners="false"
    bootstrapbutton:be_state="primary"
    android:ems="10" />

<com.beardedhen.androidbootstrap.BootstrapEditText
    android:id="@+id/editEmailSign"
    android:inputType="textEmailAddress"
    android:layout_width="match_parent"
    android:layout_height="wrap_content"
    android:hint="@string/email"
    bootstrapbutton:be_roundedCorners="false"
    bootstrapbutton:be_state="primary"
    android:ems="10" />

<ProgressBar
    android:id="@+id/progressSign"
    android:layout_width="wrap_content"
    android:layout_height="wrap_content"
    android:layout_gravity="center"
    android:visibility="gone"
    />

<Button
    android:id="@+id/btn_sign"
    android:layout_width="match_parent"
    android:layout_height="wrap_content"
    android:text="@string/inscription" 
    android:background="@drawable/btn_connexion_conf"
    style="@style/ButtonText"/>


</LinearLayout>
	</comment>
	<comment>
		Looks like this is a problem with the theme, not the library, use the textAllCaps attribute http://stackoverflow.com/questions/26958909/why-is-my-button-text-coerced-to-all-caps-on-lollipop
	</comment>
	<comment>
		Sorry it's my fault, but I'm talking about the BootstrapEditText and not the button !
	</comment>
</Issue>
