<Issue>
	<title>BootstrapButton created by code not visible </title>
	<bugID> Issue #37 </bugID>
	<url>https://github.com/Bearded-Hen/Android-Bootstrap/issues/37</url>
	<labels>
		<label>bug</label>
	</labels>
	<assignees>null	</assignees>
	<developer>WestLink</developer>
	<commters>[WestLink, theDazzler, alexliyu, jamie-beardedhen, qgadrian, jamie-beardedhen, huxqiray, allenc2014, jamie-beardedhen, Narengowda, jamie-beardedhen]</commters>
	<number_commters>11</number_commters>
	<openTime>Fri Jan 17 07:24:57 CST 2014</openTime>
	<closedTime>Thu Oct 08 13:27:05 CST 2015</closedTime>
	<description>
		I create button by following code BootstrapButton button = new BootstrapButton(getApplicationContext()); button.setText("Test"); button.setBootstrapType("default"); button.setLeftIcon("fa-heart"); container.addView(button); but not visible. icon or text is still invisible after calling setText or setLeftIcon.
	</description>
	<comment>
		Assuming all of your code is correct, the problem may be caused by BootstrapButton not calling invalidate() and requestLayout() in its methods where the view is changed. For example, this method: public void setBootstrapType(String bootstrapType) {

                BootstrapTypes type = null;

                //get the correct background type
                if (roundedCorners == true) {
                        type = bbuttonTypeMapRounded.get(bootstrapType);
                } else {
                        type = bbuttonTypeMap.get(bootstrapType);
                }

                //set up as default
                if (type == null) {
                        type = BootstrapTypes.DEFAULT;
                }


                layout.setBackgroundResource(type.backgroundDrawable);
                lblLeft.setTextColor(getResources().getColor(type.textColour));
                lblMiddle.setTextColor(getResources().getColor(type.textColour));
                lblRight.setTextColor(getResources().getColor(type.textColour));

        }
 might need to be: public void setBootstrapType(String bootstrapType) {

                BootstrapTypes type = null;

                //get the correct background type
                if (roundedCorners == true) {
                        type = bbuttonTypeMapRounded.get(bootstrapType);
                } else {
                        type = bbuttonTypeMap.get(bootstrapType);
                }

                //set up as default
                if (type == null) {
                        type = BootstrapTypes.DEFAULT;
                }


                layout.setBackgroundResource(type.backgroundDrawable);
                lblLeft.setTextColor(getResources().getColor(type.textColour));
                lblMiddle.setTextColor(getResources().getColor(type.textColour));
                lblRight.setTextColor(getResources().getColor(type.textColour));

                invalidate();
                requestLayout();

        }
 See this link:http://developer.android.com/training/custom-views/create-view.html and look at the heading "Add Properties and Events". This isn't your fault. It's a bug in the code.
	</comment>
	<comment>
		i have a same. but when i fix it. invalidate(); requestLayout(); it is also invisible
	</comment>
	<comment>
		Issue confirmed in latest version. For everyone waiting on a fix, the workaround is to define your BootstrapButton in XML.
	</comment>
	<comment>
		Still not fixed? I tried to create a new button programatically but doesn't show text. XML workaround only works if you know the buttons, but if you don't know how many buttons will be created that doesn't help.
	</comment>
	<comment>
		Feel free to create a PR if you can identify the issue. The XML workaround should work fine, just create a LayoutInflater then inflate views in a loop depending on how many buttons you need.
	</comment>
	<comment>
		ياخشى بىلىمكەن
	</comment>
	<comment>
		unfortunately, looks like this is still an issue with the latest version. there are a lot of initialization code being called in the initialize() method, which is by-passed if XML is not used to create the button in the first place.
	</comment>
	<comment>
		I believe I've fixed this in the feature-v4 branch, which is a major update for Bootstrap v4. Until then it's probably best to inflate from XML.
	</comment>
	<comment>
		(newbiee) can you tell me how to add feature-v4 dependencies in gradle ?
	</comment>
	<comment>
		@Narengowda just install 2.0.0 of the library, this issue should be resolved in there
	</comment>
</Issue>
