<Issue>
	<title>Spinner Support </title>
	<bugID> Issue #66 </bugID>
	<url>https://github.com/Bearded-Hen/Android-Bootstrap/issues/66</url>
	<labels>
		<label>question</label>
	</labels>
	<assignees>null	</assignees>
	<developer>solosimpi</developer>
	<commters>[solosimpi, jamie-beardedhen]</commters>
	<number_commters>2</number_commters>
	<openTime>Thu Nov 20 20:37:31 CST 2014</openTime>
	<closedTime>Tue Dec 09 10:04:03 CST 2014</closedTime>
	<description>
		Sry for my english, this is mora a question than an issue, its posible to use something like BootstrapEdittext in a spinner? or woud it be posible implement "BoostrapSpinner" ?
	</description>
	<comment>
		You could create a custom SpinnerAdapter that uses a custom dropdown layout. When getDropDownView() is called you can access a FontAwesomeText in this layout and add FA-icons. You could do something similar for getView() - although depending on your needs, you might want to create a custom spinner class. http://developer.android.com/reference/android/widget/SpinnerAdapter.html
	</comment>
</Issue>
