<Issue>
	<title>Setting text size via style XML causes NPE </title>
	<bugID> Issue #57 </bugID>
	<url>https://github.com/Bearded-Hen/Android-Bootstrap/issues/57</url>
	<labels>
		<label>None yet</label>
	</labels>
	<assignees>null	</assignees>
	<developer>jamie-beardedhen</developer>
	<commters>[jamie-beardedhen]</commters>
	<number_commters>1</number_commters>
	<openTime>Wed Oct 15 16:17:07 CST 2014</openTime>
	<closedTime>Thu Oct 16 15:41:26 CST 2014</closedTime>
	<description>
		To reproduce, create a bootstrap button, and assign it a style that defines a text size
	</description>
</Issue>
