<Issue>
	<title>Button gradient </title>
	<bugID> Issue #93 </bugID>
	<url>https://github.com/Bearded-Hen/Android-Bootstrap/issues/93</url>
	<labels>
		<label>enhancement</label>
	</labels>
	<assignees>null	</assignees>
	<developer>jamie-beardedhen</developer>
	<commters>[jamie-beardedhen, jamie-beardedhen]</commters>
	<number_commters>2</number_commters>
	<openTime>Fri Apr 10 15:50:48 CST 2015</openTime>
	<closedTime>Thu Oct 08 13:27:51 CST 2015</closedTime>
	<description>
		As part of a future release, the project should use gradients in BootstrapButton as per http://getbootstrap.com/examples/theme/
	</description>
	<comment>
		Fixed in 2.0.0
	</comment>
</Issue>
