<Issue>
	<title>button oddly stretched after updating the library </title>
	<bugID> Issue #69 </bugID>
	<url>https://github.com/Bearded-Hen/Android-Bootstrap/issues/69</url>
	<labels>
		<label>None yet</label>
	</labels>
	<assignees>null	</assignees>
	<developer>kamilwlf</developer>
	<commters>[kamilwlf, jamie-beardedhen, kamilwlf]</commters>
	<number_commters>3</number_commters>
	<openTime>Thu Nov 27 14:03:18 CST 2014</openTime>
	<closedTime>Thu Nov 27 14:18:11 CST 2014</closedTime>
	<description>
		After updating the library from April to today's version, button suddenly takes up the full screen <LinearLayout 
    android:layout_width="fill_parent"
    android:layout_height="fill_parent"
    android:orientation="vertical"
    xmlns:android="http://schemas.android.com/apk/res/android"
    xmlns:bootstrapbutton="http://schemas.android.com/apk/res-auto"
    >


    <LinearLayout
        android:layout_width="fill_parent"
        android:layout_height="wrap_content"
        android:orientation="horizontal"
        android:paddingTop="5dp"
        >

        <com.beardedhen.androidbootstrap.BootstrapButton
            android:id="@+id/listButton1"
            android:layout_weight="1"
            android:layout_width="wrap_content"
            android:layout_height="wrap_content"

            bootstrapbutton:bb_icon_left="fa-list-ol"
            bootstrapbutton:bb_type="default"
            android:paddingLeft="5dp"
            android:paddingRight="5dp"
            android:paddingBottom="5dp"
                       />
        <com.beardedhen.androidbootstrap.BootstrapButton           
            android:layout_weight="1"
            android:layout_width="wrap_content"
            android:layout_height="wrap_content"
            android:text="@string/listButton2"
            android:layout_gravity="center_horizontal"
            bootstrapbutton:bb_icon_left="fa-road"
            bootstrapbutton:bb_type="default"
            android:paddingBottom="5dp"
            android:paddingRight="5dp"
             />     

    </LinearLayout>

    <ListView
        android:id="@+id/list"
        android:layout_width="fill_parent"
        android:layout_height="wrap_content"
        />
</LinearLayout>
	</description>
	<comment>
		Caused by a fix to #68, please follow that ticket for further updates.
	</comment>
	<comment>
		ty fixed
	</comment>
</Issue>
