<Issue>
	<title>Button size </title>
	<bugID> Issue #160 </bugID>
	<url>https://github.com/Bearded-Hen/Android-Bootstrap/issues/160</url>
	<labels>
		<label>None yet</label>
	</labels>
	<assignees>null	</assignees>
	<developer>archyly</developer>
	<commters>[archyly]</commters>
	<number_commters>1</number_commters>
	<openTime>Fri Apr 29 07:55:19 CST 2016</openTime>
	<closedTime>Mon May 16 04:40:45 CST 2016</closedTime>
	<description>
		The button created by the code is not consistent with the size of the button created by XML Define BootstrapButton in XML is more larger than by code; XML: `<com.beardedhen.androidbootstrap.BootstrapButton         android:layout_width="wrap_content"
        android:layout_height="wrap_content"
        android:textSize="13sp"
        app:bootstrapSize="md"
        app:buttonMode="regular"
        app:showOutline="true" />`
 code: ` BootstrapButton dyButton = new BootstrapButton(this);  dyButton.setBootstrapSize(DefaultBootstrapSize.MD);                                                                                
 dyButton.setTextSize(TypedValue.COMPLEX_UNIT_PX, getResources().getDimension(R.dimen.font_size_13));`
 the button size look well when delete the “setTextSize�? code.
	</description>
</Issue>
