<Issue>
	<title>Error inflating class com.beardedhen.androidbootstrap.BootstrapButton </title>
	<bugID> Issue #74 </bugID>
	<url>https://github.com/Bearded-Hen/Android-Bootstrap/issues/74</url>
	<labels>
		<label>bug</label>
	</labels>
	<assignees>null	</assignees>
	<developer>vanlaodev</developer>
	<commters>[vanlaodev, jamie-beardedhen, marcbiaggini]</commters>
	<number_commters>3</number_commters>
	<openTime>Fri Dec 12 01:48:46 CST 2014</openTime>
	<closedTime>Fri Dec 12 10:24:30 CST 2014</closedTime>
	<description>
		It seems like BootstrapButton try to get textSize after TypeAdapter recycled cause error "Cannot make calls to a recycled instance!". Related code snippets in BootstrapButton: finally {
  a.recycle();
}

// blablabla

if (a.getString(R.styleable.BootstrapButton_android_textSize) == null) {
  fontSize = bootstrapSize.getFontSize();
}
	</description>
	<comment>
		This should be fixed now, equivalent code was already in the try block so I've simply removed those 3 lines.
	</comment>
	<comment>
		Fix it ! Since December 3rd, 2014, build tools 1.0.0-rc1 was released. Now, all you need to do is override this: Modify your build.gradle like so: android { compileSdkVersion 22 buildToolsVersion "23.0.0"      defaultConfig {
         minSdkVersion 14 //lower than 14 doesn't support multidex
         targetSdkVersion 22

         // Enabling multidex support.
         multiDexEnabled true
     }
 } dependencies { compile 'com.android.support:multidex:1.0.1' } Also you must change your manifest file. <application ... android:name="android.support.multidex.MultiDexApplication"> ... Sources https://developer.android.com/tools/building/multidex.html http://blog.osom.info/2014/10/multi-dex-to-rescue-from-infamous-65536.html
	</comment>
</Issue>
