<Issue>
	<title>JUST WAIT FOR BOOTSTRAP-TAB YOU PROMISED! </title>
	<bugID> Issue #39 </bugID>
	<url>https://github.com/Bearded-Hen/Android-Bootstrap/issues/39</url>
	<labels>
		<label>None yet</label>
	</labels>
	<assignees>null	</assignees>
	<developer>xiasenhai</developer>
	<commters>[xiasenhai]</commters>
	<number_commters>1</number_commters>
	<openTime>Fri Feb 14 07:05:56 CST 2014</openTime>
	<closedTime>Wed Oct 15 15:51:28 CST 2014</closedTime>
	<description>
		Hi,just want see what is the Bootstrap-tab like.
	</description>
</Issue>
