<Issue>
	<title>BootstrapCircleThumbnail setImage </title>
	<bugID> Issue #54 </bugID>
	<url>https://github.com/Bearded-Hen/Android-Bootstrap/issues/54</url>
	<labels>
		<label>None yet</label>
	</labels>
	<assignees>null	</assignees>
	<developer>ucenmi9254</developer>
	<commters>[ucenmi9254, jamie-beardedhen]</commters>
	<number_commters>2</number_commters>
	<openTime>Sun Sep 07 21:32:27 CST 2014</openTime>
	<closedTime>Wed Oct 15 15:47:16 CST 2014</closedTime>
	<description>
		i change setImage() on BootstrapCircleThumbnail.java to use universal image loader public void setImage(int drawable)
    {
        Bitmap bitmap = BitmapFactory.decodeResource(getContext().getResources(), drawable);

        setImage(bitmap);
    }

    public void setImage(Bitmap bitmap){
        float scale = getResources().getDisplayMetrics().density;

        //convert image size to pixels
        int widthPX = (int)((this.imageWidth * scale) + 0.5);
        int heightPX = (int)((this.imageHeight * scale) + 0.5);

        int paddingPX = (int)((this.padding * scale) + 0.5);

        if(this.minimal == false)
        {
            widthPX = widthPX - (paddingPX * 2);
            heightPX = heightPX - (paddingPX * 2);
        }

        Bitmap roundBitmap = ImageUtils.getCircleBitmap(bitmap, widthPX, heightPX);
        image.setImageBitmap(roundBitmap);

        invalidate();
        requestLayout();
    }
	</description>
	<comment>
		merged - closing issue
	</comment>
</Issue>
