<Issue>
	<title>BootstrapCircleThumbnail with ImageView exposed </title>
	<bugID> Issue #60 </bugID>
	<url>https://github.com/Bearded-Hen/Android-Bootstrap/issues/60</url>
	<labels>
		<label>enhancement</label>
	</labels>
	<assignees>null	</assignees>
	<developer>skunkwerk</developer>
	<commters>[skunkwerk, jamie-beardedhen, jamie-beardedhen, jamie-beardedhen]</commters>
	<number_commters>4</number_commters>
	<openTime>Sun Oct 26 02:06:24 CST 2014</openTime>
	<closedTime>Thu Oct 08 13:24:46 CST 2015</closedTime>
	<description>
		thanks for a great library! I'd like to load an image into a BootstrapCircleThumbnail using the Picasso library, but I can't get access to the thumbnail's ImageView which I'd need to pass to Picasso like so: Picasso.with(inflater.getContext()).load(group.profile_picture_url).into(imgView); Any way the library could expose the ImageView? keep up the great work
	</description>
	<comment>
		I had a very quick look at implementing this and found the main problem would be that if the ImageView is accessed directly, the result will be a rectangular image. To get round that would probably require calling ImageUtils.getCircleBitmap() before setting each image - do you know if this is possible using Picasso? There were also a few additional issues with the placeholder image that would need addressing, so it wouldn't be as straightforward as just exposing the ImageView.
	</comment>
	<comment>
		After a bit more thought, it seems like this should be possible by subclassing the ImageView within BootstrapCircleThumbnail, and refactoring so that the image circularisation code is moved there. This also seems a neater solution than having a Utils class, so I will look into implementing this at some point in the future. We should also take a similar approach for BootstrapThumbnail.
	</comment>
	<comment>
		Fixed in 2.0.0
	</comment>
</Issue>
