<Issue>
	<title>BootstrapButton and RelativeLayout </title>
	<bugID> Issue #41 </bugID>
	<url>https://github.com/Bearded-Hen/Android-Bootstrap/issues/41</url>
	<labels>
		<label>None yet</label>
	</labels>
	<assignees>null	</assignees>
	<developer>dmitre</developer>
	<commters>[dmitre, DawidSajdak, dmitre, DawidSajdak, dmitre]</commters>
	<number_commters>5</number_commters>
	<openTime>Wed Feb 19 08:03:40 CST 2014</openTime>
	<closedTime>Thu Feb 20 09:50:36 CST 2014</closedTime>
	<description>
		Hi! There is a problem when using the BootstrapButton and RelativeLayout With this activity layout https://gist.github.com/dmitre/9087804 icons are aligned incorrectly. Thanks and sorry for bad english!
	</description>
	<comment>
		Hi dimitre, why You don't use LinearLayout instead Relative?
	</comment>
	<comment>
		Hello! I know about LinearLayout. Just thought that there is a solution.. Relative is more convenient for me. You mean the buttons wrap in Linear, and Linear wrap in Relative?
	</comment>
	<comment>
		For this case you should use LinearLayout, if you want set percentage width to button set android:layout_width="0dp" and android:layout_weight=".33"
	</comment>
	<comment>
		Thanks, I will try to apply thi solution.
	</comment>
</Issue>
