<Issue>
	<title>Update installation guide to include info about the font file </title>
	<bugID> Issue #47 </bugID>
	<url>https://github.com/Bearded-Hen/Android-Bootstrap/issues/47</url>
	<labels>
		<label>None yet</label>
	</labels>
	<assignees>null	</assignees>
	<developer>praneetloke</developer>
	<commters>[praneetloke, jamie-beardedhen]</commters>
	<number_commters>2</number_commters>
	<openTime>Fri May 02 19:11:37 CST 2014</openTime>
	<closedTime>Tue Oct 14 15:43:46 CST 2014</closedTime>
	<description>
		The installation guide doesn't mention anything about the font file that needs to be copied over. fontawesome-webfont.ttfneeds to be placed in your application's assets folder. https://github.com/Bearded-Hen/Android-Bootstrap/wiki/Installation-Guide
	</description>
	<comment>
		Updated guide, closing
	</comment>
</Issue>
