<Issue>
	<title>java.util.NoSuchElementException </title>
	<bugID> Issue #247 </bugID>
	<url>https://github.com/Bilibili/DanmakuFlameMaster/issues/247</url>
	<labels>
		<label>None yet</label>
	</labels>
	<assignees>null	</assignees>
	<developer>qishi604</developer>
	<commters>[qishi604, yrom, ctiao]</commters>
	<number_commters>3</number_commters>
	<openTime>Fri Oct 21 07:40:33 CST 2016</openTime>
	<closedTime>Thu Dec 29 09:20:45 CST 2016</closedTime>
	<description>
		今天看了下友盟的崩溃日志，发现这个bug. at java.util.LinkedList.getFirstImpl(LinkedList.java:538) at java.util.LinkedList.getFirst(LinkedList.java:530) DrawHandler.java private synchronized long getAverageRenderingTime() {
        int frames = mDrawTimes.size();
        if(frames <= 0)
            return 0;
        long dtime = mDrawTimes.getLast() - mDrawTimes.getFirst();
        return dtime / frames;
    }
 synchronized作用于方法只能防止多个线程同时执行这个方法，并不能保证其他线程修改mDrawTimes这个变量。所以应该给mDrawTimes加锁
	</description>
	<comment>
		Yep you're right
	</comment>
	<comment>
		修复了的：de0ac68 521fe4a 升级版本
	</comment>
</Issue>
