<Issue>
	<title>4.3 �? IllegalArgumentException </title>
	<bugID> Issue #138 </bugID>
	<url>https://github.com/Bilibili/DanmakuFlameMaster/issues/138</url>
	<labels>
		<label>None yet</label>
	</labels>
	<assignees>null	</assignees>
	<developer>liananse</developer>
	<commters>[liananse]</commters>
	<number_commters>1</number_commters>
	<openTime>Tue Oct 27 02:36:58 CST 2015</openTime>
	<closedTime>Tue Nov 03 02:44:01 CST 2015</closedTime>
	<description>
		java.lang.IllegalArgumentException at android.view.Surface.nativeUnlockCanvasAndPost(Native Method) at android.view.Surface.unlockCanvasAndPost(Surface.java:255) at android.view.SurfaceView$4.unlockCanvasAndPost(SurfaceView.java:844) at master.flame.danmaku.ui.widget.DanmakuSurfaceView.drawDanmakus(Unknown Source) at master.flame.danmaku.controller.DrawHandler$2.run(Unknown Source) https://code.google.com/p/android/issues/detail?id=58385
	</description>
</Issue>
