<Issue>
	<title>[优化方向]减少缓存线程对绘制线程的影响 </title>
	<bugID> Issue #73 </bugID>
	<url>https://github.com/Bilibili/DanmakuFlameMaster/issues/73</url>
	<labels>
		<label>None yet</label>
	</labels>
	<assignees>null	</assignees>
	<developer>ctiao</developer>
	<commters>[ctiao]</commters>
	<number_commters>1</number_commters>
	<openTime>Mon Mar 02 08:37:24 CST 2015</openTime>
	<closedTime>Fri Oct 23 02:50:09 CST 2015</closedTime>
	<description>
		1.预缓存采取更加惰性的加载机制 2.增加即时缓存机制(类似现在的实时插入弹幕时候采取的方式) 以减少某些中低端机型抖动的现�?
	</description>
</Issue>
