<Issue>
	<title>ndkbitmap arm-v8a的版本有没有 </title>
	<bugID> Issue #257 </bugID>
	<url>https://github.com/Bilibili/DanmakuFlameMaster/issues/257</url>
	<labels>
		<label>None yet</label>
	</labels>
	<assignees>null	</assignees>
	<developer>liluojun</developer>
	<commters>[liluojun]</commters>
	<number_commters>1</number_commters>
	<openTime>Mon Nov 28 02:31:44 CST 2016</openTime>
	<closedTime>Mon Nov 28 02:31:52 CST 2016</closedTime>
	<description>
		No description provided.
	</description>
</Issue>
