<Issue>
	<title>DanmakuView�? 如果想绘制一个bitmap,实现跟弹幕一样的滚动，有�?么办法？ </title>
	<bugID> Issue #110 </bugID>
	<url>https://github.com/Bilibili/DanmakuFlameMaster/issues/110</url>
	<labels>
		<label>None yet</label>
	</labels>
	<assignees>null	</assignees>
	<developer>brucetoo</developer>
	<commters>[brucetoo]</commters>
	<number_commters>1</number_commters>
	<openTime>Fri Jun 12 02:50:59 CST 2015</openTime>
	<closedTime>Fri Jun 12 03:41:46 CST 2015</closedTime>
	<description>
		No description provided.
	</description>
</Issue>
