<Issue>
	<title>add danmaku </title>
	<bugID> Issue #126 </bugID>
	<url>https://github.com/Bilibili/DanmakuFlameMaster/issues/126</url>
	<labels>
		<label>None yet</label>
	</labels>
	<assignees>null	</assignees>
	<developer>leonard0629</developer>
	<commters>[leonard0629, leonard0629, leonard0629, ctiao, leonard0629]</commters>
	<number_commters>5</number_commters>
	<openTime>Sat Sep 12 07:28:13 CST 2015</openTime>
	<closedTime>Fri Jan 22 15:20:46 CST 2016</closedTime>
	<description>
		i met a question. i load all posted danmaku at first and add them all into danmaku view when start video. then i want to send a new danmaku to server and i add the danmku, but it didn't show. the history danmakus shown correctly. why this happen?
	</description>
	<comment>
		i do almost like the sample. use a AsyncTask to add the history danmaku from server. and as if i send a new danmaku, i call the timer.cancel, and add the danmaku to list, and restart the timer
	</comment>
	<comment>
		maybe the danmaku time is wrong? i set the time by call mVideoView.getCurrentPosition and i add a 2s delay
	</comment>
	<comment>
		did you create your danmaku-instance via DanmakuFactory.create(n) ?
	</comment>
	<comment>
		yeah, of course
	</comment>
</Issue>
