<Issue>
	<title>DrawTask第一次danmakus数量不对，要取两�? </title>
	<bugID> Issue #16 </bugID>
	<url>https://github.com/Bilibili/DanmakuFlameMaster/issues/16</url>
	<labels>
		<label>None yet</label>
	</labels>
	<assignees>null	</assignees>
	<developer>ctiao</developer>
	<commters>[ctiao]</commters>
	<number_commters>1</number_commters>
	<openTime>Fri Jan 10 16:17:25 CST 2014</openTime>
	<closedTime>Fri Jan 24 01:16:51 CST 2014</closedTime>
	<description>
		会导致同屏密度出现小误差
	</description>
</Issue>
