<Issue>
	<title>addDanmaku crash </title>
	<bugID> Issue #61 </bugID>
	<url>https://github.com/Bilibili/DanmakuFlameMaster/issues/61</url>
	<labels>
		<label>bug</label>
	</labels>
	<assignees>null	</assignees>
	<developer>jianghao1123</developer>
	<commters>[jianghao1123, ctiao, jianghao1123]</commters>
	<number_commters>3</number_commters>
	<openTime>Fri Dec 26 02:33:20 CST 2014</openTime>
	<closedTime>Fri Jan 16 09:52:38 CST 2015</closedTime>
	<description>
		12-26 10:25:46.852: E/AndroidRuntime(8092): FATAL EXCEPTION: DFM Cache-Building Thread 12-26 10:25:46.852: E/AndroidRuntime(8092): java.util.ConcurrentModificationException 12-26 10:25:46.852: E/AndroidRuntime(8092): at java.util.TreeMap$MapIterator.stepForward(TreeMap.java:883) 12-26 10:25:46.852: E/AndroidRuntime(8092): at java.util.TreeMap$BoundedMap$BoundedIterator.stepForward(TreeMap.java:1484) 12-26 10:25:46.852: E/AndroidRuntime(8092): at java.util.TreeMap$BoundedMap$BoundedKeySet$1.next(TreeMap.java:1546) 12-26 10:25:46.852: E/AndroidRuntime(8092): at master.flame.danmaku.danmaku.model.android.Danmakus$DanmakuIterator.next(Danmakus.java:257) 12-26 10:25:46.852: E/AndroidRuntime(8092): at master.flame.danmaku.controller.CacheManagingDrawTask$CacheManager$CacheHandler.prepareCaches(CacheManagingDrawTask.java:567) 12-26 10:25:46.852: E/AndroidRuntime(8092): at master.flame.danmaku.controller.CacheManagingDrawTask$CacheManager$CacheHandler.handleMessage(CacheManagingDrawTask.java:424) 12-26 10:25:46.852: E/AndroidRuntime(8092): at android.os.Handler.dispatchMessage(Handler.java:99) 12-26 10:25:46.852: E/AndroidRuntime(8092): at android.os.Looper.loop(Looper.java:137) 12-26 10:25:46.852: E/AndroidRuntime(8092): at android.os.HandlerThread.run(HandlerThread.java:60)
	</description>
	<comment>
		this has been fixed in the latest v0.2.3
	</comment>
	<comment>
		ok,thanks
	</comment>
</Issue>
