<Issue>
	<title>BaseDanmaku.obj已经被你们使用，能否再添加一个Object类型的属性供使用者使用？ </title>
	<bugID> Issue #204 </bugID>
	<url>https://github.com/Bilibili/DanmakuFlameMaster/issues/204</url>
	<labels>
		<label>enhancement</label>
	</labels>
	<assignees>null	</assignees>
	<developer>hss01248</developer>
	<commters>[hss01248, ctiao, ctiao]</commters>
	<number_commters>3</number_commters>
	<openTime>Mon Jun 13 07:35:38 CST 2016</openTime>
	<closedTime>Wed Aug 10 07:29:18 CST 2016</closedTime>
	<description>
		No description provided.
	</description>
	<comment>
		可以
	</comment>
	<comment>
		已加
	</comment>
</Issue>
