<Issue>
	<title>增加弹幕点击事件 </title>
	<bugID> Issue #128 </bugID>
	<url>https://github.com/Bilibili/DanmakuFlameMaster/issues/128</url>
	<labels>
		<label>enhancement</label>
	</labels>
	<assignees>null	</assignees>
	<developer>ctiao</developer>
	<commters>[ctiao, ctiao]</commters>
	<number_commters>2</number_commters>
	<openTime>Thu Sep 17 08:42:23 CST 2015</openTime>
	<closedTime>Wed Oct 21 02:50:11 CST 2015</closedTime>
	<description>
		增加弹幕点击事件
	</description>
	<comment>
		c9ea31a 用法: https://github.com/Bilibili/DanmakuFlameMaster/blob/master/Sample/src/main/java/com/sample/MainActivity.java#L182-L192
	</comment>
</Issue>
