<Issue>
	<title>AbsDanmakuSync </title>
	<bugID> Issue #283 </bugID>
	<url>https://github.com/Bilibili/DanmakuFlameMaster/issues/283</url>
	<labels>
		<label>None yet</label>
	</labels>
	<assignees>null	</assignees>
	<developer>weifucheng</developer>
	<commters>[weifucheng]</commters>
	<number_commters>1</number_commters>
	<openTime>Sun Mar 19 09:34:33 CST 2017</openTime>
	<closedTime>Sun Mar 19 09:59:42 CST 2017</closedTime>
	<description>
		这个类的作用不太明显，默认是关闭的，�?启后会出现一些问题，比如弹幕可能运动过程中消失�??
	</description>
</Issue>
