<Issue>
	<title>加入混淆 </title>
	<bugID> Issue #168 </bugID>
	<url>https://github.com/Bilibili/DanmakuFlameMaster/issues/168</url>
	<labels>
		<label>None yet</label>
	</labels>
	<assignees>null	</assignees>
	<developer>malinkang</developer>
	<commters>[malinkang, ctiao]</commters>
	<number_commters>2</number_commters>
	<openTime>Thu Jan 28 10:08:40 CST 2016</openTime>
	<closedTime>Mon Mar 14 03:40:04 CST 2016</closedTime>
	<description>
		No description provided.
	</description>
	<comment>
		除了jni部分，其他部分可以按正常的混淆配�?
	</comment>
</Issue>
