<Issue>
	<title>尽量清理超出多屏的缓�? </title>
	<bugID> Issue #12 </bugID>
	<url>https://github.com/Bilibili/DanmakuFlameMaster/issues/12</url>
	<labels>
		<label>None yet</label>
	</labels>
	<assignees>null	</assignees>
	<developer>ctiao</developer>
	<commters>[ctiao]</commters>
	<number_commters>1</number_commters>
	<openTime>Tue Dec 17 16:37:56 CST 2013</openTime>
	<closedTime>Tue Jan 07 16:17:32 CST 2014</closedTime>
	<description>
		No description provided.
	</description>
</Issue>
