<Issue>
	<title>使用DanmakuView当弹幕hide时调用mDanmakuView.resume和pause，屏幕会重新绘制出当前处于停止状态的danmaku文字 </title>
	<bugID> Issue #83 </bugID>
	<url>https://github.com/Bilibili/DanmakuFlameMaster/issues/83</url>
	<labels>
		<label>None yet</label>
	</labels>
	<assignees>null	</assignees>
	<developer>xiaojianan</developer>
	<commters>[xiaojianan]</commters>
	<number_commters>1</number_commters>
	<openTime>Thu Apr 02 11:06:10 CST 2015</openTime>
	<closedTime>Thu Apr 02 11:11:09 CST 2015</closedTime>
	<description>
		抱歉，看到comment里已解决，关闭该问题�?
	</description>
</Issue>
