<Issue>
	<title>有几率出现黑色弹幕或者弹幕描边错�? </title>
	<bugID> Issue #166 </bugID>
	<url>https://github.com/Bilibili/DanmakuFlameMaster/issues/166</url>
	<labels>
		<label>None yet</label>
	</labels>
	<assignees>null	</assignees>
	<developer>ctiao</developer>
	<commters>[ctiao, ctiao]</commters>
	<number_commters>2</number_commters>
	<openTime>Mon Jan 25 11:33:18 CST 2016</openTime>
	<closedTime>Mon Mar 14 03:39:53 CST 2016</closedTime>
	<description>
		No description provided.
	</description>
	<comment>
		已修�? 4785a96
	</comment>
</Issue>
