<Issue>
	<title>如何去掉弹幕的背景色 </title>
	<bugID> Issue #152 </bugID>
	<url>https://github.com/Bilibili/DanmakuFlameMaster/issues/152</url>
	<labels>
		<label>None yet</label>
	</labels>
	<assignees>null	</assignees>
	<developer>sunxiaokun</developer>
	<commters>[sunxiaokun, ctiao]</commters>
	<number_commters>2</number_commters>
	<openTime>Tue Nov 24 08:51:30 CST 2015</openTime>
	<closedTime>Fri Jan 22 15:20:01 CST 2016</closedTime>
	<description>
		No description provided.
	</description>
	<comment>
		https://github.com/Bilibili/DanmakuFlameMaster/wiki/%E5%B8%B8%E8%A7%81%E9%97%AE%E9%A2%98
	</comment>
</Issue>
