<Issue>
	<title>支持图片(表情)弹幕 </title>
	<bugID> Issue #26 </bugID>
	<url>https://github.com/Bilibili/DanmakuFlameMaster/issues/26</url>
	<labels>
		<label>None yet</label>
	</labels>
	<assignees>null	</assignees>
	<developer>ctiao</developer>
	<commters>[ctiao, ctiao, poikl369]</commters>
	<number_commters>3</number_commters>
	<openTime>Mon Mar 17 05:54:33 CST 2014</openTime>
	<closedTime>Tue Sep 23 07:58:16 CST 2014</closedTime>
	<description>
		可参考并测试android的Spannable支持
	</description>
	<comment>
		可参考@yrom 写的分支: https://github.com/ctiao/DanmakuFlameMaster/tree/dev-spanned-danmaku 写成interface感觉不太好，建议重构Displayer 根据字符类型走不同的绘制路线比较�?
	</comment>
	<comment>
		可以Spannable支持�?
	</comment>
</Issue>
