<Issue>
	<title>updateTimer NullPointerException </title>
	<bugID> Issue #107 </bugID>
	<url>https://github.com/Bilibili/DanmakuFlameMaster/issues/107</url>
	<labels>
		<label>None yet</label>
	</labels>
	<assignees>null	</assignees>
	<developer>guojilong</developer>
	<commters>[guojilong]</commters>
	<number_commters>1</number_commters>
	<openTime>Sun Jun 07 12:23:56 CST 2015</openTime>
	<closedTime>Mon Jun 08 02:23:25 CST 2015</closedTime>
	<description>
		java.lang.NullPointerException at com.leyo.app.widget.MediaPlayerView$24.updateTimer(Unknown Source) prepared at master.flame.danmaku.controller.DrawHandler$1.run(Unknown Source) at master.flame.danmaku.controller.DrawHandler$3.ready(Unknown Source) onDanmakuAdd at master.flame.danmaku.controller.CacheManagingDrawTask$CacheManager$CacheHandler.handleMessage(Unknown Source) at android.os.Handler.dispatchMessage(Handler.java:102) at android.os.Looper.loop(Looper.java:136) at android.os.HandlerThread.run(HandlerThread.java:61 DanmakuGlobalConfig.DEFAULT.setDanmakuStyle(DanmakuGlobalConfig.DANMAKU_STYLE_STROKEN, 3).setDuplicateMergingEnabled(false).setScrollSpeedFactor(1.5f);     if (sv_danmaku != null) {

        if (StringUtil.isNotEmpty(path)) {
            try {
                mParser = createParser(new FileInputStream(new File(path)));
            } catch (FileNotFoundException e) {
                e.printStackTrace();
                mParser = new BaseDanmakuParser() {
                    @Override
                    protected Danmakus parse() {
                        return new Danmakus();
                    }
                };
                Toaster.shortToast(getContext(), "加载弹幕失败");

            }
        } else {
            mParser = new BaseDanmakuParser() {
                @Override
                protected Danmakus parse() {
                    return new Danmakus();
                }
            };
        }


        sv_danmaku.setCallback(new DrawHandler.Callback() {

            @Override
            public void updateTimer(DanmakuTimer timer) {

            }

            @Override
            public void prepared() {
                // startdanmu();
                sv_danmaku.start();
                if (mMediaPlayer.isPlaying()) {
                    sv_danmaku.seekTo((long) mSeekBar.getProgress());
                } else {
                    sv_danmaku.pause();
                }
            }
        });
        sv_danmaku.prepare(mParser);
 // sv_danmaku.showFPS(true); sv_danmaku.enableDanmakuDrawingCache(true);
	</description>
</Issue>
