<Issue>
	<title>三星 s6 </title>
	<bugID> Issue #227 </bugID>
	<url>https://github.com/Bilibili/DanmakuFlameMaster/issues/227</url>
	<labels>
		<label>None yet</label>
	</labels>
	<assignees>null	</assignees>
	<developer>whitecostume</developer>
	<commters>[whitecostume, ctiao]</commters>
	<number_commters>2</number_commters>
	<openTime>Sat Aug 06 07:53:14 CST 2016</openTime>
	<closedTime>Sat Aug 06 07:56:05 CST 2016</closedTime>
	<description>
		三星s6 不知道是不是曲面屏的缘故，弹幕还没跑完全屏，就会消失
	</description>
	<comment>
		不要设置duration
	</comment>
</Issue>
