<Issue>
	<title>Random native crash </title>
	<bugID> Issue #39 </bugID>
	<url>https://github.com/Bilibili/DanmakuFlameMaster/issues/39</url>
	<labels>
		<label>None yet</label>
	</labels>
	<assignees>null	</assignees>
	<developer>tewilove</developer>
	<commters>[tewilove, ctiao, ctiao]</commters>
	<number_commters>3</number_commters>
	<openTime>Thu Jun 26 03:26:55 CST 2014</openTime>
	<closedTime>Fri Jul 18 08:31:46 CST 2014</closedTime>
	<description>
		It should be related to threading... 1. 06-23 19:47:02.524 F/libc ( 6103): Fatal signal 11 (SIGSEGV), thread 9371 (Cache Building ) 2. pid: 7132, tid: 7211 >>> <<< signal 11 (SIGSEGV), code 1 (SEGV_MAPERR), fault addr 00000000 ... #00 pc 00000000 #1 pc 0007dcb4 /system/lib/libskia.so (ZN8SkCanvas8drawTextEPKvjffRK7SkPaint) 3. pid: 1282, tid: 21964, name: Cache Building >>> <<< signal 11 (SIGSEGV), code 1 (SEGV_MAPERR), fault addr 00000000 backtrace: #00 pc 00000000 #1 pc 00061c80 /system/lib/libskia.so (AutoDrawLooper::next(SkDrawFilter::Type)+96) #2 pc 00066230 /system/lib/libskia.so (SkCanvas::drawText(void const, unsigned int, float, float, SkPaint const&)+152) #3 pc 0006bccf /system/lib/libandroid_runtime.so #4 pc 0006bdeb /system/lib/libandroid_runtime.so #5 pc 0001fb70 /system/lib/libdvm.so (dvmPlatformInvoke+112) #6 pc 0004e8b9 /system/lib/libdvm.so (dvmCallJNIMethod(unsigned int const_, JValue_, Method const_, Thread_)+360) #7 pc 00029020 /system/lib/libdvm.so #8 pc 0002d7e8 /system/lib/libdvm.so (dvmInterpret(Thread_, Method const_, JValue_)+180) #9 pc 0005fed5 /system/lib/libdvm.so (dvmCallMethodV(Thread_, Method const_, Object_, bool, JValue_, std::va_list)+272) #10 pc 0005feff /system/lib/libdvm.so (dvmCallMethod(Thread, Method const, Object_, JValue_, ...)+20) #11 pc 00055327 /system/lib/libdvm.so #12 pc 00012e70 /system/lib/libc.so (__thread_entry+48) #13 pc 000125c8 /system/lib/libc.so (pthread_create+172) 4. pid: 12134, tid: 13706 >>> <<< signal 11 (SIGSEGV), code 1 (SEGV_MAPERR), fault addr 00000000 #00 pc 00000000 #1 pc 00074164 /system/lib/libskia.so (_ZN8SkCanvas8drawTextEPKvjffRK7SkPaint) #2 pc 0006e244 /system/lib/libandroid_runtime.so #3 pc 0006e3c2 /system/lib/libandroid_runtime.so #4 pc 0001dab0 /system/lib/libdvm.so (dvmPlatformInvoke) #5 pc 000586aa /system/lib/libdvm.so (_Z16dvmCallJNIMethodPKjP6JValuePK6MethodP6Thread) 5. 06-23 23:51:04.391 F/libc ( 9806): Fatal signal 11 (SIGSEGV), thread 5796 (DFM Drawing thr)
	</description>
	<comment>
		12-21 19:25:18.930: D/net-cache(28812): jni/libnetcache/yks_scheme_resolver.cpp:decode_yks_scheme:109: YOUKU SCHEMEM DEBUG: ykurl: ykstream://[[:ads="0":]][[:playerid="2":]][[:url="http://k.youku.com/player/getFlvPath/sid/945069711803064c0f3c8_00/st/flv/fileid/030002040051AF1A17C0E80501705752037AC3-3C56-EA5D-235A-34C4A22E77DE?did=a06cb885f411dc2c66b7f02ff9e1b292&K=60a2c4762bf99aa8261ebe89&ts=409&ctype=64&token=6542&oip=3550325730&sid=945069711803064c0f3c8&ev=1&hd=0&fileid=030002040051AF1A17C0E80501705752037AC3-3C56-EA5D-235A-34C4A22E77DE&ep=HvzkvqBR%2FpBp%2BRP0kK%2B4UfDONSiWj4LwDslv48TYLK4mI4MevMdZmn2XK9a%2FEbVd6pjiCHSimmsEQPnCeOc7LZM3Kk68KnIDonkBD9oc6MKvGypJRdzuFPhWqQ43c9we":]] 12-21 19:25:20.510: D/net-cache(28812): jni/libnetcache/yks_scheme_resolver.cpp:decode_yks_scheme:109: YOUKU SCHEMEM DEBUG: ykurl: ykstream://[[:ads="0":]][[:playerid="2":]][[:url="http://k.youku.com/player/getFlvPath/sid/945069711803064c0f3c8_00/st/flv/fileid/030002040051AF1A17C0E80501705752037AC3-3C56-EA5D-235A-34C4A22E77DE?did=a06cb885f411dc2c66b7f02ff9e1b292&K=60a2c4762bf99aa8261ebe89&ts=409&ctype=64&token=6542&oip=3550325730&sid=945069711803064c0f3c8&ev=1&hd=0&fileid=030002040051AF1A17C0E80501705752037AC3-3C56-EA5D-235A-34C4A22E77DE&ep=HvzkvqBR%2FpBp%2BRP0kK%2B4UfDONSiWj4LwDslv48TYLK4mI4MevMdZmn2XK9a%2FEbVd6pjiCHSimmsEQPnCeOc7LZM3Kk68KnIDonkBD9oc6MKvGypJRdzuFPhWqQ43c9we":]] 12-21 19:25:22.170: I/DEBUG(252): *** *** *** *** *** *** *** *** *** *** *** *** *** *** *** *** 12-21 19:25:22.170: I/DEBUG(252): Build fingerprint: 'samsung/kltezm/klte:4.4.2/KOT49H/G9008VZMU1ANI4:user/release-keys' 12-21 19:25:22.170: I/DEBUG(252): Revision: '10' 12-21 19:25:22.170: I/DEBUG(252): pid: 28812, tid: 29151, name: DFM Cache-Build >>> com.tudou.android <<< 12-21 19:25:22.170: I/DEBUG(252): signal 11 (SIGSEGV), code 2 (SEGV_ACCERR), fault addr 87ddf768 12-21 19:25:22.560: I/DEBUG(252): r0 806e2ed0 r1 7cc84f50 r2 858aa9dc r3 87ddf768 12-21 19:25:22.560: I/DEBUG(252): r4 858aa9d8 r5 858aa9dc r6 00000000 r7 00000008 12-21 19:25:22.560: I/DEBUG(252): r8 80732618 r9 858aa988 sl 80238060 fp 0000000b 12-21 19:25:22.560: I/DEBUG(252): ip 00000000 sp 858aa928 lr 404e0f13 pc 87ddf768 cpsr a0030010 12-21 19:25:22.560: I/DEBUG(252): d0 8c00370055502184 d1 8c0037008c003700 12-21 19:25:22.560: I/DEBUG(252): d2 ff8ce3379b558a21 d3 ff8ce337ff8ce337 12-21 19:25:22.560: I/DEBUG(252): d4 008c003700550021 d5 008c0037008c0037 12-21 19:25:22.560: I/DEBUG(252): d6 0d00000000000000 d7 3600000021000000 12-21 19:25:22.560: I/DEBUG(252): d8 425ea80100000000 d9 4458000041c80000 12-21 19:25:22.560: I/DEBUG(252): d10 41987631b4000000 d11 0000000000000000 12-21 19:25:22.560: I/DEBUG(252): d12 0000000000000000 d13 0000000000000000 12-21 19:25:22.560: I/DEBUG(252): d14 0000000000000000 d15 0000000000000000 12-21 19:25:22.560: I/DEBUG(252): d16 42700001729cfbe8 d17 000000003f800000 12-21 19:25:22.560: I/DEBUG(252): d18 0000000000000000 d19 0000000000000000 12-21 19:25:22.560: I/DEBUG(252): d20 0000000000000000 d21 000000007cc85160 12-21 19:25:22.560: I/DEBUG(252): d22 ff37e38c00000000 d23 4080000040600000 12-21 19:25:22.560: I/DEBUG(252): d24 000000001d000000 d25 0000000000000000 12-21 19:25:22.560: I/DEBUG(252): d26 0000000000000000 d27 0000000000000000 12-21 19:25:22.560: I/DEBUG(252): d28 0000000100000001 d29 0000000100000001 12-21 19:25:22.560: I/DEBUG(252): d30 0000010000000100 d31 0000010000000100 12-21 19:25:22.560: I/DEBUG(252): scr 28000013 12-21 19:25:22.570: I/DEBUG(252): backtrace: 12-21 19:25:22.570: I/DEBUG(252): #00 pc 0001b768 12-21 19:25:22.570: I/DEBUG(252): #1 pc 000a0f11 /system/lib/libskia.so (AutoDrawLooper::doNext(SkDrawFilter::Type)+44) 12-21 19:25:22.570: I/DEBUG(252): #2 pc 000a1627 /system/lib/libskia.so (SkCanvas::drawPosText(void const_, unsigned int, SkPoint const_, SkPaint const&)+146) 12-21 19:25:22.570: I/DEBUG(252): #3 pc 0008093d /system/lib/libandroid_runtime.so 12-21 19:25:22.570: I/DEBUG(252): #4 pc 00080aa3 /system/lib/libandroid_runtime.so 12-21 19:25:22.570: I/DEBUG(252): #5 pc 00020e8c /system/lib/libdvm.so (dvmPlatformInvoke+112) 12-21 19:25:22.570: I/DEBUG(252): #6 pc 00051b2f /system/lib/libdvm.so (dvmCallJNIMethod(unsigned int const_, JValue_, Method const_, Thread_)+398) 12-21 19:25:22.570: I/DEBUG(252): #7 pc 0002a320 /system/lib/libdvm.so 12-21 19:25:22.570: I/DEBUG(252): #8 pc 000317d0 /system/lib/libdvm.so (dvmMterpStd(Thread_)+76) 12-21 19:25:22.570: I/DEBUG(252): #9 pc 0002ee68 /system/lib/libdvm.so (dvmInterpret(Thread_, Method const_, JValue_)+184) 12-21 19:25:22.570: I/DEBUG(252): #10 pc 00063f95 /system/lib/libdvm.so (dvmCallMethodV(Thread_, Method const_, Object_, bool, JValue_, std::va_list)+336) 12-21 19:25:22.570: I/DEBUG(252): #11 pc 00063fb9 /system/lib/libdvm.so (dvmCallMethod(Thread, Method const, Object_, JValue_, ...)+20) 12-21 19:25:22.570: I/DEBUG(252): #12 pc 00058c8b /system/lib/libdvm.so 12-21 19:25:22.570: I/DEBUG(252): #13 pc 0000d298 /system/lib/libc.so (thread_entry+72) 12-21 19:25:22.570: I/DEBUG(252): #14 pc 0000d430 /system/lib/libc.so (pthread_create+240) 12-21 19:25:22.570: I/DEBUG(252): stack: 12-21 19:25:22.570: I/DEBUG(252): 858aa8e8 405f7118 /system/lib/libskia.so 12-21 19:25:22.570: I/DEBUG(252): 858aa8ec 4060719c 12-21 19:25:22.570: I/DEBUG(252): 858aa8f0 858aa9dc [stack:29151] 12-21 19:25:22.570: I/DEBUG(252): 858aa8f4 00000000 12-21 19:25:22.570: I/DEBUG(252): 858aa8f8 858aa9dc [stack:29151] 12-21 19:25:22.570: I/DEBUG(252): 858aa8fc 80235b70 12-21 19:25:22.570: I/DEBUG(252): 858aa900 000001eb 12-21 19:25:22.570: I/DEBUG(252): 858aa904 404f8e31 /system/lib/libskia.so (SkPaint::operator=(SkPaint const&)+204) 12-21 19:25:22.570: I/DEBUG(252): 858aa908 858aa9d8 [stack:29151] 12-21 19:25:22.570: I/DEBUG(252): 858aa90c 400ed394 12-21 19:25:22.570: I/DEBUG(252): 858aa910 00000000 12-21 19:25:22.570: I/DEBUG(252): 858aa914 404e0ca9 /system/lib/libskia.so 12-21 19:25:22.570: I/DEBUG(252): 858aa918 00000001 12-21 19:25:22.570: I/DEBUG(252): 858aa91c 858aa9d8 [stack:29151] 12-21 19:25:22.570: I/DEBUG(252): 858aa920 400ed394 12-21 19:25:22.570: I/DEBUG(252): 858aa924 404e0ef5 /system/lib/libskia.so (AutoDrawLooper::doNext(SkDrawFilter::Type)+16) 12-21 19:25:22.570: I/DEBUG(252): #00 858aa928 00000001 12-21 19:25:22.570: I/DEBUG(252): ........ ........ 12-21 19:25:22.570: I/DEBUG(252): #1 858aa928 00000001 12-21 19:25:22.570: I/DEBUG(252): 858aa92c 7cc84f50 12-21 19:25:22.570: I/DEBUG(252): 858aa930 400ed394 12-21 19:25:22.570: I/DEBUG(252): 858aa934 80238060 12-21 19:25:22.570: I/DEBUG(252): 858aa938 00000016 12-21 19:25:22.570: I/DEBUG(252): 858aa93c 404e162b /system/lib/libskia.so (SkCanvas::drawPosText(void const, unsigned int, SkPoint const, SkPaint const&)+150) 12-21 19:25:22.570: I/DEBUG(252): #2 858aa940 00000000 12-21 19:25:22.570: I/DEBUG(252): 858aa944 00000002 12-21 19:25:22.570: I/DEBUG(252): 858aa948 858aa9dc [stack:29151] 12-21 19:25:22.570: I/DEBUG(252): 858aa94c 858aa9dc [stack:29151] 12-21 19:25:22.570: I/DEBUG(252): 858aa950 00000000 12-21 19:25:22.570: I/DEBUG(252): 858aa954 80256f98 12-21 19:25:22.570: I/DEBUG(252): 858aa958 7cc84fd8 12-21 19:25:22.570: I/DEBUG(252): 858aa95c 87dc4890 12-21 19:25:22.570: I/DEBUG(252): 858aa960 87dc4890 12-21 19:25:22.570: I/DEBUG(252): 858aa964 7cc84f58 12-21 19:25:22.570: I/DEBUG(252): 858aa968 80256f90 12-21 19:25:22.570: I/DEBUG(252): 858aa96c 00000000 12-21 19:25:22.570: I/DEBUG(252): 858aa970 00000000 12-21 19:25:22.570: I/DEBUG(252): 858aa974 7cc84f50 12-21 19:25:22.570: I/DEBUG(252): 858aa978 00000000 12-21 19:25:22.570: I/DEBUG(252): 858aa97c 00000000 12-21 19:25:22.570: I/DEBUG(252): ........ ........ 12-21 19:25:22.580: I/DEBUG(252): memory near r0: 12-21 19:25:22.580: I/DEBUG(252): 806e2eb0 72672f64 69687061 41d80000 41d80000 12-21 19:25:22.580: I/DEBUG(252): 806e2ec0 41500000 41d80000 41d80000 0000003b 12-21 19:25:22.580: I/DEBUG(252): 806e2ed0 00000001 00000020 84972030 00000000 12-21 19:25:22.580: I/DEBUG(252): 806e2ee0 563f563f 563f563f 563f563f 563f563f 12-21 19:25:22.580: I/DEBUG(252): 806e2ef0 563f563f 563f563f 563f563f 0000563f 12-21 19:25:22.580: I/DEBUG(252): 806e2f00 00000038 0000007b 400ed230 080ed230 12-21 19:25:22.580: I/DEBUG(252): 806e2f10 7c5f0220 840e2a10 00000aef 00000000 12-21 19:25:22.580: I/DEBUG(252): 806e2f20 000008da 00000000 000008da 00000000 12-21 19:25:22.580: I/DEBUG(252): 806e2f30 7b7b59f0 0000018d 00000000 00000000 12-21 19:25:22.580: I/DEBUG(252): 806e2f40 00000000 00000000 00000000 83b42f7c 12-21 19:25:22.580: I/DEBUG(252): 806e2f50 00000000 400b045f 000064d4 00000000 12-21 19:25:22.580: I/DEBUG(252): 806e2f60 00000000 00000000 8250c650 00000000 12-21 19:25:22.580: I/DEBUG(252): 806e2f70 00000070 00000022 00000078 0000001b 12-21 19:25:22.580: I/DEBUG(252): 806e2f80 812cacd8 400ed1d0 00000295 10086d9c 12-21 19:25:22.580: I/DEBUG(252): 806e2f90 00000001 00000013 7cafb668 00000000 12-21 19:25:22.580: I/DEBUG(252): 806e2fa0 00000010 00000023 00000001 0000000c 12-21 19:25:22.580: I/DEBUG(252): memory near r1: 12-21 19:25:22.580: I/DEBUG(252): 7cc84f30 b7c1fbf5 00000019 8800abe0 7bb0c850 12-21 19:25:22.580: I/DEBUG(252): 7cc84f40 1bf1c32b fc09e4e1 00000018 0000010a 12-21 19:25:22.580: I/DEBUG(252): 7cc84f50 405f5590 00000001 00000000 00000000 12-21 19:25:22.580: I/DEBUG(252): 7cc84f60 00000000 00000000 00000064 00000000 12-21 19:25:22.580: I/DEBUG(252): 7cc84f70 00000000 00000008 00000000 00000000 12-21 19:25:22.580: I/DEBUG(252): 7cc84f80 00000000 00000000 7cc84fc0 7cc84fc0 12-21 19:25:22.580: I/DEBUG(252): 7cc84f90 7cc84fac 84916878 0000006c 7cc84fac 12-21 19:25:22.580: I/DEBUG(252): 7cc84fa0 00000001 00000001 7cc84fc0 84916878 12-21 19:25:22.580: I/DEBUG(252): 7cc84fb0 00000000 7cc84fc0 7cc8502c 7cc8502c 12-21 19:25:22.580: I/DEBUG(252): 7cc84fc0 00000000 7cc84fd8 7cc85000 00000000 12-21 19:25:22.580: I/DEBUG(252): 7cc84fd0 87dc4888 87dc4888 3f800000 00000000 12-21 19:25:22.580: I/DEBUG(252): 7cc84fe0 00000000 00000000 3f800000 00000000 12-21 19:25:22.580: I/DEBUG(252): 7cc84ff0 00000000 00000000 3f800000 00000010 12-21 19:25:22.580: I/DEBUG(252): 7cc85000 00000000 00000000 0000025f 00000047 12-21 19:25:22.580: I/DEBUG(252): 7cc85010 00000000 00000000 00000000 00000000 12-21 19:25:22.580: I/DEBUG(252): 7cc85020 00000000 00000000 00010001 00000000 12-21 19:25:22.580: I/DEBUG(252): memory near r2: 12-21 19:25:22.580: I/DEBUG(252): 858aa9bc 86ad0480 00000000 00000000 72e9ba80 12-21 19:25:22.580: I/DEBUG(252): 858aa9cc 482d687a 7279b458 00000000 858aa9dc 12-21 19:25:22.580: I/DEBUG(252): 858aa9dc 729cfbe8 42700001 3f800000 00000000 12-21 19:25:22.580: I/DEBUG(252): 858aa9ec 00000000 00000000 00000000 00000000 12-21 19:25:22.580: I/DEBUG(252): 858aa9fc 00000000 00000000 7cc85160 00000000 12-21 19:25:22.580: I/DEBUG(252): 858aaa0c 00000000 ff37e38c 40600000 40800000 12-21 19:25:22.580: I/DEBUG(252): 858aaa1c 0b000501 729d1d28 000001eb 7cc84f50 12-21 19:25:22.580: I/DEBUG(252): 858aaa2c 80235b70 806e2ed0 00000000 00000000 12-21 19:25:22.580: I/DEBUG(252): 858aaa3c 00000001 43000000 68ace5a2 00000000 12-21 19:25:22.580: I/DEBUG(252): 858aaa4c 00000000 425ea801 80235b70 80732618 12-21 19:25:22.580: I/DEBUG(252): 858aaa5c 404e1595 00000000 7cc84f50 0000000b 12-21 19:25:22.580: I/DEBUG(252): 858aaa6c 401e793f 80235b70 0000000b 0000000b 12-21 19:25:22.580: I/DEBUG(252): 858aaa7c 00000002 4373ddd8 85b9bf50 425ea801 12-21 19:25:22.580: I/DEBUG(252): 858aaa8c 00000000 4373ddd8 1ef00005 00000000 12-21 19:25:22.580: I/DEBUG(252): 858aaa9c 806f5f08 7cc84f50 80235b70 00000002 12-21 19:25:22.580: I/DEBUG(252): 858aaaac 401e7aa7 0000000b 00000000 425ea801 12-21 19:25:22.580: I/DEBUG(252): memory near r3: 12-21 19:25:22.580: I/DEBUG(252): 87ddf748 00000000 00000000 00000000 00000000 12-21 19:25:22.580: I/DEBUG(252): 87ddf758 00000000 00000000 00000138 00000033 12-21 19:25:22.580: I/DEBUG(252): 87ddf768 7cd2e480 080ed200 806c0030 000000d0 12-21 19:25:22.580: I/DEBUG(252): 87ddf778 00000001 84086df0 00000000 00000002 12-21 19:25:22.580: I/DEBUG(252): 87ddf788 00000000 00000000 00000000 00000019 12-21 19:25:22.580: I/DEBUG(252): 87ddf798 87dc4558 7cd2e4b0 00000000 0000000a 12-21 19:25:22.580: I/DEBUG(252): 87ddf7a8 00000018 00000022 00000001 00000008 12-21 19:25:22.580: I/DEBUG(252): 87ddf7b8 401e911f 00000001 4eba535a 0000541b 12-21 19:25:22.580: I/DEBUG(252): 87ddf7c8 00000020 00000043 00000001 00000028 12-21 19:25:22.580: I/DEBUG(252): 87ddf7d8 291a0000 42340000 00000000 80000000 12-21 19:25:22.580: I/DEBUG(252): 87ddf7e8 42640000 80000000 42e40000 80000000 12-21 19:25:22.580: I/DEBUG(252): 87ddf7f8 432b0000 80000000 43640000 80000000 12-21 19:25:22.580: I/DEBUG(252): 87ddf808 00000040 000000f3 7c72d740 8680f000 12-21 19:25:22.580: I/DEBUG(252): 87ddf818 00000000 10000000 7bd51921 432c1035 12-21 19:25:22.580: I/DEBUG(252): 87ddf828 1b100020 808880b8 93ef3f0b 9083c20b 12-21 19:25:22.580: I/DEBUG(252): 87ddf838 a16ce5e1 c675ab0c eb212103 b547aa61 12-21 19:25:22.580: I/DEBUG(252): memory near r4: 12-21 19:25:22.580: I/DEBUG(252): 858aa9b8 01060001 86ad0480 00000000 00000000 12-21 19:25:22.580: I/DEBUG(252): 858aa9c8 72e9ba80 482d687a 7279b458 00000000 12-21 19:25:22.580: I/DEBUG(252): 858aa9d8 858aa9dc 729cfbe8 42700001 3f800000 12-21 19:25:22.580: I/DEBUG(252): 858aa9e8 00000000 00000000 00000000 00000000 12-21 19:25:22.580: I/DEBUG(252): 858aa9f8 00000000 00000000 00000000 7cc85160 12-21 19:25:22.580: I/DEBUG(252): 858aaa08 00000000 00000000 ff37e38c 40600000 12-21 19:25:22.580: I/DEBUG(252): 858aaa18 40800000 0b000501 729d1d28 000001eb 12-21 19:25:22.580: I/DEBUG(252): 858aaa28 7cc84f50 80235b70 806e2ed0 00000000 12-21 19:25:22.580: I/DEBUG(252): 858aaa38 00000000 00000001 43000000 68ace5a2 12-21 19:25:22.580: I/DEBUG(252): 858aaa48 00000000 00000000 425ea801 80235b70 12-21 19:25:22.580: I/DEBUG(252): 858aaa58 80732618 404e1595 00000000 7cc84f50 12-21 19:25:22.580: I/DEBUG(252): 858aaa68 0000000b 401e793f 80235b70 0000000b 12-21 19:25:22.580: I/DEBUG(252): 858aaa78 0000000b 00000002 4373ddd8 85b9bf50 12-21 19:25:22.580: I/DEBUG(252): 858aaa88 425ea801 00000000 4373ddd8 1ef00005 12-21 19:25:22.580: I/DEBUG(252): 858aaa98 00000000 806f5f08 7cc84f50 80235b70 12-21 19:25:22.580: I/DEBUG(252): 858aaaa8 00000002 401e7aa7 0000000b 00000000 12-21 19:25:22.580: I/DEBUG(252): memory near r5: 12-21 19:25:22.580: I/DEBUG(252): 858aa9bc 86ad0480 00000000 00000000 72e9ba80 12-21 19:25:22.580: I/DEBUG(252): 858aa9cc 482d687a 7279b458 00000000 858aa9dc 12-21 19:25:22.580: I/DEBUG(252): 858aa9dc 729cfbe8 42700001 3f800000 00000000 12-21 19:25:22.580: I/DEBUG(252): 858aa9ec 00000000 00000000 00000000 00000000 12-21 19:25:22.580: I/DEBUG(252): 858aa9fc 00000000 00000000 7cc85160 00000000 12-21 19:25:22.580: I/DEBUG(252): 858aaa0c 00000000 ff37e38c 40600000 40800000 12-21 19:25:22.580: I/DEBUG(252): 858aaa1c 0b000501 729d1d28 000001eb 7cc84f50 12-21 19:25:22.580: I/DEBUG(252): 858aaa2c 80235b70 806e2ed0 00000000 00000000 12-21 19:25:22.580: I/DEBUG(252): 858aaa3c 00000001 43000000 68ace5a2 00000000 12-21 19:25:22.580: I/DEBUG(252): 858aaa4c 00000000 425ea801 80235b70 80732618 12-21 19:25:22.580: I/DEBUG(252): 858aaa5c 404e1595 00000000 7cc84f50 0000000b 12-21 19:25:22.580: I/DEBUG(252): 858aaa6c 401e793f 80235b70 0000000b 0000000b 12-21 19:25:22.580: I/DEBUG(252): 858aaa7c 00000002 4373ddd8 85b9bf50 425ea801 12-21 19:25:22.580: I/DEBUG(252): 858aaa8c 00000000 4373ddd8 1ef00005 00000000 12-21 19:25:22.580: I/DEBUG(252): 858aaa9c 806f5f08 7cc84f50 80235b70 00000002 12-21 19:25:22.580: I/DEBUG(252): 858aaaac 401e7aa7 0000000b 00000000 425ea801 12-21 19:25:22.580: I/DEBUG(252): memory near r8: 12-21 19:25:22.580: I/DEBUG(252): 807325f8 00000000 00000000 00000000 00000000 12-21 19:25:22.580: I/DEBUG(252): 80732608 00000272 00000001 00000a10 00000063 12-21 19:25:22.580: I/DEBUG(252): 80732618 00000000 425ea801 42640000 425ea801 12-21 19:25:22.580: I/DEBUG(252): 80732628 42e40000 425ea801 432b0000 425ea801 12-21 19:25:22.580: I/DEBUG(252): 80732638 43640000 425ea801 438e8000 425ea801 12-21 19:25:22.580: I/DEBUG(252): 80732648 43ab0000 425ea801 43c78000 425ea801 12-21 19:25:22.580: I/DEBUG(252): 80732658 43e40000 425ea801 44004000 425ea801 12-21 19:25:22.580: I/DEBUG(252): 80732668 440e8000 425ea801 00000060 0000008b 12-21 19:25:22.580: I/DEBUG(252): 80732678 4666a220 4411ea90 00000001 00170101 12-21 19:25:22.580: I/DEBUG(252): 80732688 00000001 00000139 6b756f59 79734175 12-21 19:25:22.580: I/DEBUG(252): 80732698 6154636e 23206b73 6c700033 00000121 12-21 19:25:22.580: I/DEBUG(252): 807326a8 706f672e 2e79616c 6b736154 56746547 12-21 19:25:22.580: I/DEBUG(252): 807326b8 6f656469 55766441 00006c72 00000101 12-21 19:25:22.580: I/DEBUG(252): 807326c8 00000000 00000000 00000000 00000000 12-21 19:25:22.580: I/DEBUG(252): 807326d8 00000000 00000000 00000000 806f1738 12-21 19:25:22.580: I/DEBUG(252): 807326e8 00000000 00000000 00000000 00000000 12-21 19:25:22.580: I/DEBUG(252): memory near r9: 12-21 19:25:22.580: I/DEBUG(252): 858aa968 80256f90 00000000 00000000 7cc84f50 12-21 19:25:22.580: I/DEBUG(252): 858aa978 00000000 00000000 86ad0401 858aa9dc 12-21 19:25:22.580: I/DEBUG(252): 858aa988 00000000 0000000b 00000002 00000000 12-21 19:25:22.580: I/DEBUG(252): 858aa998 3f800000 00000000 00000000 3f800000 12-21 19:25:22.580: I/DEBUG(252): 858aa9a8 00000000 00000000 ff000000 00005959 12-21 19:25:22.580: I/DEBUG(252): 858aa9b8 01060001 86ad0480 00000000 00000000 12-21 19:25:22.580: I/DEBUG(252): 858aa9c8 72e9ba80 482d687a 7279b458 00000000 12-21 19:25:22.580: I/DEBUG(252): 858aa9d8 858aa9dc 729cfbe8 42700001 3f800000 12-21 19:25:22.580: I/DEBUG(252): 858aa9e8 00000000 00000000 00000000 00000000 12-21 19:25:22.580: I/DEBUG(252): 858aa9f8 00000000 00000000 00000000 7cc85160 12-21 19:25:22.580: I/DEBUG(252): 858aaa08 00000000 00000000 ff37e38c 40600000 12-21 19:25:22.580: I/DEBUG(252): 858aaa18 40800000 0b000501 729d1d28 000001eb 12-21 19:25:22.580: I/DEBUG(252): 858aaa28 7cc84f50 80235b70 806e2ed0 00000000 12-21 19:25:22.580: I/DEBUG(252): 858aaa38 00000000 00000001 43000000 68ace5a2 12-21 19:25:22.580: I/DEBUG(252): 858aaa48 00000000 00000000 425ea801 80235b70 12-21 19:25:22.580: I/DEBUG(252): 858aaa58 80732618 404e1595 00000000 7cc84f50 12-21 19:25:22.580: I/DEBUG(252): memory near sl: 12-21 19:25:22.580: I/DEBUG(252): 80238040 0000000a 400ed1c8 00000058 0000003b 12-21 19:25:22.580: I/DEBUG(252): 80238050 00000001 00000016 00000001 10000011 12-21 19:25:22.580: I/DEBUG(252): 80238060 5aaf608f 8e5764ad 55cd4cc6 53465346 12-21 19:25:22.580: I/DEBUG(252): 80238070 53465346 87d1004d 8025eb20 00000000 12-21 19:25:22.590: I/DEBUG(252): 80238080 00000038 0000001b 000c0184 0904010d 12-21 19:25:22.590: I/DEBUG(252): 80238090 0909010a 08090a03 00000a09 00000023 12-21 19:25:22.590: I/DEBUG(252): 802380a0 000e0184 0104000f 09090a11 0a090908 12-21 19:25:22.590: I/DEBUG(252): 802380b0 0a09090a 0056293b 00000020 0000001b 12-21 19:25:22.590: I/DEBUG(252): 802380c0 6d6c0868 00000038 00000000 00000000 12-21 19:25:22.590: I/DEBUG(252): 802380d0 00000001 000006f3 40940b70 407ffba8 12-21 19:25:22.590: I/DEBUG(252): 802380e0 0002002e 00090910 00030310 00060700 12-21 19:25:22.590: I/DEBUG(252): 802380f0 00070510 001c0800 02010400 407ffba8 12-21 19:25:22.590: I/DEBUG(252): 80238100 006f002c 005a0900 00030310 00150700 12-21 19:25:22.590: I/DEBUG(252): 80238110 00010600 00110811 02010500 407ffba8 12-21 19:25:22.590: I/DEBUG(252): 80238120 000f003b 00b00900 00030310 000d0700 12-21 19:25:22.590: I/DEBUG(252): 80238130 000b0511 00530800 02010400 407ffba8 12-21 19:25:22.590: I/DEBUG(252): memory near sp: 12-21 19:25:22.590: I/DEBUG(252): 858aa908 858aa9d8 400ed394 00000000 404e0ca9 12-21 19:25:22.590: I/DEBUG(252): 858aa918 00000001 858aa9d8 400ed394 404e0ef5 12-21 19:25:22.590: I/DEBUG(252): 858aa928 00000001 7cc84f50 400ed394 80238060 12-21 19:25:22.590: I/DEBUG(252): 858aa938 00000016 404e162b 00000000 00000002 12-21 19:25:22.590: I/DEBUG(252): 858aa948 858aa9dc 858aa9dc 00000000 80256f98 12-21 19:25:22.590: I/DEBUG(252): 858aa958 7cc84fd8 87dc4890 87dc4890 7cc84f58 12-21 19:25:22.590: I/DEBUG(252): 858aa968 80256f90 00000000 00000000 7cc84f50 12-21 19:25:22.590: I/DEBUG(252): 858aa978 00000000 00000000 86ad0401 858aa9dc 12-21 19:25:22.590: I/DEBUG(252): 858aa988 00000000 0000000b 00000002 00000000 12-21 19:25:22.590: I/DEBUG(252): 858aa998 3f800000 00000000 00000000 3f800000 12-21 19:25:22.590: I/DEBUG(252): 858aa9a8 00000000 00000000 ff000000 00005959 12-21 19:25:22.590: I/DEBUG(252): 858aa9b8 01060001 86ad0480 00000000 00000000 12-21 19:25:22.590: I/DEBUG(252): 858aa9c8 72e9ba80 482d687a 7279b458 00000000 12-21 19:25:22.590: I/DEBUG(252): 858aa9d8 858aa9dc 729cfbe8 42700001 3f800000 12-21 19:25:22.590: I/DEBUG(252): 858aa9e8 00000000 00000000 00000000 00000000 12-21 19:25:22.590: I/DEBUG(252): 858aa9f8 00000000 00000000 00000000 7cc85160 12-21 19:25:22.590: I/DEBUG(252): code around pc: 12-21 19:25:22.590: I/DEBUG(252): 87ddf748 00000000 00000000 00000000 00000000 12-21 19:25:22.590: I/DEBUG(252): 87ddf758 00000000 00000000 00000138 00000033 12-21 19:25:22.590: I/DEBUG(252): 87ddf768 7cd2e480 080ed200 806c0030 000000d0 12-21 19:25:22.590: I/DEBUG(252): 87ddf778 00000001 84086df0 00000000 00000002 12-21 19:25:22.590: I/DEBUG(252): 87ddf788 00000000 00000000 00000000 00000019 12-21 19:25:22.590: I/DEBUG(252): 87ddf798 87dc4558 7cd2e4b0 00000000 0000000a 12-21 19:25:22.590: I/DEBUG(252): 87ddf7a8 00000018 00000022 00000001 00000008 12-21 19:25:22.590: I/DEBUG(252): 87ddf7b8 401e911f 00000001 4eba535a 0000541b 12-21 19:25:22.590: I/DEBUG(252): 87ddf7c8 00000020 00000043 00000001 00000028 12-21 19:25:22.590: I/DEBUG(252): 87ddf7d8 291a0000 42340000 00000000 80000000 12-21 19:25:22.590: I/DEBUG(252): 87ddf7e8 42640000 80000000 42e40000 80000000 12-21 19:25:22.590: I/DEBUG(252): 87ddf7f8 432b0000 80000000 43640000 80000000 12-21 19:25:22.590: I/DEBUG(252): 87ddf808 00000040 000000f3 7c72d740 8680f000 12-21 19:25:22.590: I/DEBUG(252): 87ddf818 00000000 10000000 7bd51921 432c1035 12-21 19:25:22.590: I/DEBUG(252): 87ddf828 1b100020 808880b8 93ef3f0b 9083c20b 12-21 19:25:22.590: I/DEBUG(252): 87ddf838 a16ce5e1 c675ab0c eb212103 b547aa61 12-21 19:25:22.590: I/DEBUG(252): code around lr: 12-21 19:25:22.590: I/DEBUG(252): 404e0ef0 fed4f7ff 3068f894 b1134605 f0154631 12-21 19:25:22.590: I/DEBUG(252): 404e0f00 6da0fed6 d0272800 462a6801 6d21698b 12-21 19:25:22.590: I/DEBUG(252): 404e0f10 bb084798 6802e01c 68d34629 4798463a 12-21 19:25:22.590: I/DEBUG(252): 404e0f20 e015b900 b9106da0 f8842101 6da21069 12-21 19:25:22.590: I/DEBUG(252): 404e0f30 b9226625 b9136de3 f8842001 46280069 12-21 19:25:22.590: I/DEBUG(252): 404e0f40 ff25f016 2000b110 bdf86620 bdf82001 12-21 19:25:22.590: I/DEBUG(252): 404e0f50 f8842101 bdf81069 28006de0 e7e6d1db 12-21 19:25:22.590: I/DEBUG(252): 404e0f60 4603b508 2069f890 f890b98a b152206a 12-21 19:25:22.590: I/DEBUG(252): 404e0f70 f8832001 6d580069 f0166618 f080ff08 12-21 19:25:22.590: I/DEBUG(252): 404e0f80 b2c80101 e8bdbd08 f7ff4008 2000bfab 12-21 19:25:22.590: I/DEBUG(252): 404e0f90 0000bd08 4ff0e92d f8dfb0e7 46069154 12-21 19:25:22.590: I/DEBUG(252): 404e0fa0 4b549306 910444f9 f8599205 9c705003 12-21 19:25:22.590: I/DEBUG(252): 404e0fb0 90656828 f015a824 9507fc88 a824b924 12-21 19:25:22.590: I/DEBUG(252): 404e0fc0 f0152101 ac24fd12 f10d4630 f7fe0adc 12-21 19:25:22.590: I/DEBUG(252): 404e0fd0 a84afee7 46224631 f7ff2301 e045ff39 12-21 19:25:22.590: I/DEBUG(252): 404e0fe0 40dcf8d6 4631ad18 46282201 f7ff9409 12-21 19:25:22.590: I/DEBUG(252): memory map around fault addr 87ddf768: 12-21 19:25:22.590: I/DEBUG(252): 87d48000-87d5f000 rw- 12-21 19:25:22.590: I/DEBUG(252): 87dc4000-87df0000 rw- 12-21 19:25:22.590: I/DEBUG(252): 87e56000-87e5f000 rw- 12-21 19:25:23.410: I/DEBUG(252): !@dumpstate -k -t -z -d -o /data/log/dumpstate_app_native -m 28812 12-21 19:25:23.770: E/android.os.Debug(714): !@Dumpstate > dumpstate -k -t -z -d -o /data/log/dumpstate_app_error
	</comment>
	<comment>
		http://stackoverflow.com/questions/16508912/android-sigsegv-on-nexus-7-in-libskia-near-skcanvasdrawpostext-autodrawloop?rq=1 在UI线程和工作线程中使用不同的paint实例修复 040c204
	</comment>
</Issue>
