<Issue>
	<title>在seek后getCurrenTime不正�? </title>
	<bugID> Issue #133 </bugID>
	<url>https://github.com/Bilibili/DanmakuFlameMaster/issues/133</url>
	<labels>
		<label>bug</label>
	</labels>
	<assignees>null	</assignees>
	<developer>ctiao</developer>
	<commters>[ctiao]</commters>
	<number_commters>1</number_commters>
	<openTime>Wed Oct 14 09:17:47 CST 2015</openTime>
	<closedTime>Sun Oct 25 14:19:48 CST 2015</closedTime>
	<description>
		在seek后getCurrenTime不正�?
	</description>
</Issue>
