<Issue>
	<title>question about setDanmakuStyle </title>
	<bugID> Issue #125 </bugID>
	<url>https://github.com/Bilibili/DanmakuFlameMaster/issues/125</url>
	<labels>
		<label>None yet</label>
	</labels>
	<assignees>null	</assignees>
	<developer>leonard0629</developer>
	<commters>[leonard0629, leonard0629, ctiao, leonard0629, ctiao, leonard0629, ctiao, leonard0629, ctiao, leonard0629]</commters>
	<number_commters>10</number_commters>
	<openTime>Wed Aug 26 06:56:39 CST 2015</openTime>
	<closedTime>Thu Aug 27 02:03:28 CST 2015</closedTime>
	<description>
		DanmakuGlobalConfig.DEFAULT.setDanmakuStyle(DanmakuGlobalConfig.DANMAKU_STYLE_STROKEN, stokeWidth);
 after use this i find this is not what i want. i want to make the danmaku text surround with black line not the square textview. what kind of style shall i use?
	</description>
	<comment>
		and how can i set the stoke color?
	</comment>
	<comment>
		danmaku.textShadowColor = 0xf10000
	</comment>
	<comment>
		and i use the right setting method?
	</comment>
	<comment>
		you should set textShadowColor to each danmaku. stroke color is not a global setting field.
	</comment>
	<comment>
		DanmakuGlobalConfig.DEFAULT.setDanmakuStyle(DanmakuGlobalConfig.DANMAKU_STYLE_STROKEN, stokeWidth);
 do i need to use this method to set the stoke width of textShadow?
	</comment>
	<comment>
		yes ps: you need to remove the setCacheStuffer in my sample code. i disable stroke-drawing in the BackgroundCacheStuffer.drawStroke method
	</comment>
	<comment>
		danmaku.textShadowColor = 0x000000
 i try to set the color black, but nothing change
	</comment>
	<comment>
		https://github.com/Bilibili/DanmakuFlameMaster/blob/master/Sample/src/main/java/com/sample/MainActivity.java#L151 you need to remove this line if you use my sample code. i disable stroke-drawing in the BackgroundCacheStuffer.drawStroke method. and 0x000000 means tranparent color on Android. you should change it to 32bit number like 0xFFFF0000
	</comment>
	<comment>
		it works, thx
	</comment>
</Issue>
