<Issue>
	<title>更新了新版本，BackgroudCacheStuffer无效�? </title>
	<bugID> Issue #159 </bugID>
	<url>https://github.com/Bilibili/DanmakuFlameMaster/issues/159</url>
	<labels>
		<label>None yet</label>
	</labels>
	<assignees>null	</assignees>
	<developer>whitecostume</developer>
	<commters>[whitecostume]</commters>
	<number_commters>1</number_commters>
	<openTime>Fri Jan 01 07:43:21 CST 2016</openTime>
	<closedTime>Fri Jan 01 07:47:17 CST 2016</closedTime>
	<description>
		如题
	</description>
</Issue>
