<Issue>
	<title>用继承BaseDanmaku复写的Danmaku，要如何在DanmakuView里面实现点击监听 </title>
	<bugID> Issue #149 </bugID>
	<url>https://github.com/Bilibili/DanmakuFlameMaster/issues/149</url>
	<labels>
		<label>None yet</label>
	</labels>
	<assignees>null	</assignees>
	<developer>whitecostume</developer>
	<commters>[whitecostume, ctiao, whitecostume]</commters>
	<number_commters>3</number_commters>
	<openTime>Sun Nov 15 10:10:38 CST 2015</openTime>
	<closedTime>Fri Jan 01 07:44:08 CST 2016</closedTime>
	<description>
		如题
	</description>
	<comment>
		https://github.com/Bilibili/DanmakuFlameMaster/blob/master/Sample/src/main/java/com/sample/MainActivity.java#L189-L199 都是通过setOnDanmakuClickListener
	</comment>
	<comment>
		感谢，已解决
	</comment>
</Issue>
