<Issue>
	<title>加强GPU利用 </title>
	<bugID> Issue #52 </bugID>
	<url>https://github.com/Bilibili/DanmakuFlameMaster/issues/52</url>
	<labels>
		<label>enhancement</label>
	</labels>
	<assignees>null	</assignees>
	<developer>ctiao</developer>
	<commters>[ctiao, ctiao, ctiao]</commters>
	<number_commters>3</number_commters>
	<openTime>Tue Nov 11 03:21:13 CST 2014</openTime>
	<closedTime>Mon Mar 23 03:58:12 CST 2015</closedTime>
	<description>
		增加opengl绘制方式 增加扩展android.view.View的DanmakuView
	</description>
	<comment>
		https://github.com/ctiao/DanmakuFlameMaster/tree/dev-view-canvas 增加扩展android.view.View的DanmakuView done
	</comment>
	<comment>
		https://github.com/xqq/DanmakuFlameMaster-HWACC 利用skia的opengl硬件加�??,目前还不完善，仅支持4.3+系统
	</comment>
</Issue>
