<Issue>
	<title>gradle集成写错�? </title>
	<bugID> Issue #179 </bugID>
	<url>https://github.com/Bilibili/DanmakuFlameMaster/issues/179</url>
	<labels>
		<label>None yet</label>
	</labels>
	<assignees>null	</assignees>
	<developer>wangrunxiang</developer>
	<commters>[wangrunxiang]</commters>
	<number_commters>1</number_commters>
	<openTime>Wed Apr 13 07:04:21 CST 2016</openTime>
	<closedTime>Thu Apr 14 11:24:08 CST 2016</closedTime>
	<description>
		应该是这个吧 compile 'com.github.ctiao:DanmakuFlameMaster:0.4.2'
	</description>
</Issue>
