<Issue>
	<title>如何判断屏幕上有没有弹幕正在显示 </title>
	<bugID> Issue #162 </bugID>
	<url>https://github.com/Bilibili/DanmakuFlameMaster/issues/162</url>
	<labels>
		<label>None yet</label>
	</labels>
	<assignees>null	</assignees>
	<developer>biwoodfengs</developer>
	<commters>[biwoodfengs, ctiao]</commters>
	<number_commters>2</number_commters>
	<openTime>Thu Jan 14 09:08:19 CST 2016</openTime>
	<closedTime>Fri Jan 22 15:18:43 CST 2016</closedTime>
	<description>
		No description provided.
	</description>
	<comment>
		getCurrentVisibleDanmakus �?查null or isEmpty
	</comment>
</Issue>
