<Issue>
	<title>横竖屏切换的时�?�顶部弹幕和底部弹幕的位置不对了 </title>
	<bugID> Issue #172 </bugID>
	<url>https://github.com/Bilibili/DanmakuFlameMaster/issues/172</url>
	<labels>
		<label>bug</label>
	</labels>
	<assignees>ctiao	</assignees>
	<developer>shuaqq</developer>
	<commters>[shuaqq]</commters>
	<number_commters>1</number_commters>
	<openTime>Sat Mar 19 03:56:46 CST 2016</openTime>
	<closedTime>Thu May 05 03:59:49 CST 2016</closedTime>
	<description>
		No description provided.
	</description>
</Issue>
