<Issue>
	<title>弹幕凶残的时候，�?下的弹幕会超出屏�? </title>
	<bugID> Issue #5 </bugID>
	<url>https://github.com/Bilibili/DanmakuFlameMaster/issues/5</url>
	<labels>
		<label>None yet</label>
	</labels>
	<assignees>null	</assignees>
	<developer>yrom</developer>
	<commters>[yrom, ctiao, yrom]</commters>
	<number_commters>3</number_commters>
	<openTime>Thu Aug 15 12:39:26 CST 2013</openTime>
	<closedTime>Fri Aug 16 02:30:29 CST 2013</closedTime>
	<description>
		No description provided.
	</description>
	<comment>
		在develop分支上修复了，等待master合并
	</comment>
	<comment>
		be quick...boy
	</comment>
</Issue>
