<Issue>
	<title>支持多实例IDanmakuView </title>
	<bugID> Issue #53 </bugID>
	<url>https://github.com/Bilibili/DanmakuFlameMaster/issues/53</url>
	<labels>
		<label>enhancement</label>
	</labels>
	<assignees>ctiao	</assignees>
	<developer>ctiao</developer>
	<commters>[ctiao, ctiao, ctiao]</commters>
	<number_commters>3</number_commters>
	<openTime>Wed Nov 12 08:36:29 CST 2014</openTime>
	<closedTime>Sat Oct 24 10:23:12 CST 2015</closedTime>
	<description>
		DanmakuFilters/DanmakuFactory/DanmakuGlobalConfig
	</description>
	<comment>
		related classes: DanmakuGlobalConfig.java AndroidDisplayer.java DanmakuFilters.java DanmakuFactory.java GlobalFlagValues.java
	</comment>
	<comment>
		4181e8c
	</comment>
</Issue>
