<Issue>
	<title>[Live]实时弹幕插入支持 </title>
	<bugID> Issue #10 </bugID>
	<url>https://github.com/Bilibili/DanmakuFlameMaster/issues/10</url>
	<labels>
		<label>None yet</label>
	</labels>
	<assignees>null	</assignees>
	<developer>ctiao</developer>
	<commters>[ctiao]</commters>
	<number_commters>1</number_commters>
	<openTime>Thu Dec 12 15:29:32 CST 2013</openTime>
	<closedTime>Tue Jan 07 16:16:05 CST 2014</closedTime>
	<description>
		No description provided.
	</description>
</Issue>
