<Issue>
	<title>For some reason, it only brings up the iphone emulator, and not the app </title>
	<bugID> Issue #16 </bugID>
	<url>https://github.com/7kfpun/FinanceReactNative/issues/16</url>
	<labels>
		<label>None yet</label>
	</labels>
	<assignees>null	</assignees>
	<developer>ShayanJa</developer>
	<commters>[ShayanJa, 7kfpun]</commters>
	<number_commters>2</number_commters>
	<openTime>Wed Feb 15 22:13:38 CST 2017</openTime>
	<closedTime>Sat Feb 18 14:10:49 CST 2017</closedTime>
	<description>
		What configutation should i have to run this? I have React-native. and npm
	</description>
	<comment>
		Should be fixed with this commit c4909ab (#15).
	</comment>
</Issue>
