<Issue>
	<title>npm install error </title>
	<bugID> Issue #8 </bugID>
	<url>https://github.com/7kfpun/FinanceReactNative/issues/8</url>
	<labels>
		<label>None yet</label>
	</labels>
	<assignees>null	</assignees>
	<developer>shangcloud</developer>
	<commters>[shangcloud, 7kfpun, ajnudnyy, 7kfpun]</commters>
	<number_commters>4</number_commters>
	<openTime>Sat Apr 09 17:29:44 CST 2016</openTime>
	<closedTime>Fri Jun 10 15:50:47 CST 2016</closedTime>
	<description>
		npm ERR! peerinvalid The package react@15.0.1 does not satisfy its siblings' peerDependencies requirements! npm ERR! peerinvalid Peer react-tween-state@0.1.4 wants react@>=0.14 npm ERR! peerinvalid Peer react-dom@0.14.8 wants react@^0.14.8 npm install fail
	</description>
	<comment>
		Did you install with react-native@0.18.0? It should be work if you stick with this version.
	</comment>
	<comment>
		I have faced this issue almost, when I had tried to launch app , I got an error Error: connot find module './packager/babelRegisterOnly' I was wandering if the early version of react-native caused this. version info: xcode v7.3 npm 2.15.0 react-native 0.18.0
	</comment>
	<comment>
		Rewrite with react-native 0.26.3, please try if it works.
	</comment>
</Issue>
