<Issue>
	<title>'RCTBridgeModule.h' file not found </title>
	<bugID> Issue #7 </bugID>
	<url>https://github.com/7kfpun/FinanceReactNative/issues/7</url>
	<labels>
		<label>None yet</label>
	</labels>
	<assignees>null	</assignees>
	<developer>shellcodecow</developer>
	<commters>[shellcodecow, ajnudnyy, 7kfpun]</commters>
	<number_commters>3</number_commters>
	<openTime>Tue Apr 05 09:55:03 CST 2016</openTime>
	<closedTime>Fri Jun 10 15:50:39 CST 2016</closedTime>
	<description>
		Hi, firstly thank you for these code. They are a great help :) . Sorry to flag issues but I have installed them and got them all running fine. But for some reason, when I try to archive app , I get an error 'RCTBridgeModule.h' file not found Do you know what could be causing this? version Info: xcode v7.1
	</description>
	<comment>
		I have faced this issue almost, when I had tried to launch app , I got an error Error: connot find module './packager/babelRegisterOnly' I was wandering if the early version of react-native caused this. version info: xcode v7.3 npm 2.15.0 react-native 0.18.0
	</comment>
	<comment>
		Rewrite with react-native 0.26.3, please try if it works.
	</comment>
</Issue>
