<Issue>
	<title>TypeError: undefined is not a function (evaluation 'remoteModules.forEach') </title>
	<bugID> Issue #13 </bugID>
	<url>https://github.com/7kfpun/FinanceReactNative/issues/13</url>
	<labels>
		<label>None yet</label>
	</labels>
	<assignees>null	</assignees>
	<developer>NicolasDuran</developer>
	<commters>[NicolasDuran, 7kfpun]</commters>
	<number_commters>2</number_commters>
	<openTime>Fri Oct 07 19:36:07 CST 2016</openTime>
	<closedTime>Sun Oct 09 16:28:40 CST 2016</closedTime>
	<description>
		I use react-native: 0.26.3 I done the following setup git clone git@github.com:7kfpun/FinanceReactNative.git
cd FinanceReactNative
run npm install
 When the app start, I automatically get a red screen with : TypeError: undefined is not a function (evaluation 'remoteModules.forEach') What can I do ?
	</description>
	<comment>
		I have updated to react-native@0.34.1. Should works.
	</comment>
</Issue>
