<Issue>
	<title>Packager error: naming collision AutoFocusUtils </title>
	<bugID> Issue #10 </bugID>
	<url>https://github.com/7kfpun/FinanceReactNative/issues/10</url>
	<labels>
		<label>None yet</label>
	</labels>
	<assignees>null	</assignees>
	<developer>edhemphill</developer>
	<commters>[edhemphill, 7kfpun]</commters>
	<number_commters>2</number_commters>
	<openTime>Sat Jul 09 05:31:10 CST 2016</openTime>
	<closedTime>Sun Oct 09 15:38:41 CST 2016</closedTime>
	<description>
		Thanks for the outstanding demo app! There appears to be a conflict with an inner module using it's own react. The error from the packager look like this: Failed to build DependencyGraph: @providesModule naming collision:
  Duplicate module name: AutoFocusUtils
  Paths: /Work/FinanceReactNative/node_modules/react-native-router-flux/node_modules/react-native-experimental-navigation/node_modules/react/lib/AutoFocusUtils.js collides with /Work/FinanceReactNative/node_modules/react/lib/AutoFocusUtils.js

This error is caused by a @providesModule declaration with the same name accross two different files.
Error: @providesModule naming collision:
  Duplicate module name: AutoFocusUtils
  Paths: /Work/FinanceReactNative/node_modules/react-native-router-flux/node_modules/react-native-experimental-navigation/node_modules/react/lib/AutoFocusUtils.js collides with /Work/FinanceReactNative/node_modules/react/lib/AutoFocusUtils.js

This error is caused by a @providesModule declaration with the same name accross two different files.
    at HasteMap._updateHasteMap (/Work/FinanceReactNative/node_modules/react-native/node_modules/node-haste/lib/DependencyGraph/HasteMap.js:160:15)
    at /Work/FinanceReactNative/node_modules/react-native/node_modules/node-haste/lib/DependencyGraph/HasteMap.js:125:25
 This is because react-native-router-flux ends up including a react copy itself. My workaround for this was making a rn-cli.config.js file in the root of the project, with this code (adjust your regex as needed): var blacklist = require('react-native/packager/blacklist');

var config = {
  getBlacklistRE(platform) {
    return blacklist(platform, [
      /FinanceReactNative\/node_modules\/react-native-router-flux\/node_modules\/react-native-experimental-navigation\/node_modules\/react\/.*/
    ]);
  }
};

module.exports = config;
 More info on a similar issue here
	</description>
	<comment>
		Thanks @edhemphill !!
	</comment>
</Issue>
