<Issue>
	<title>react-native依赖问题 </title>
	<bugID> Issue #18 </bugID>
	<url>https://github.com/7kfpun/FinanceReactNative/issues/18</url>
	<labels>
		<label>None yet</label>
	</labels>
	<assignees>null	</assignees>
	<developer>lishoulong</developer>
	<commters>[lishoulong, 7kfpun, 7kfpun]</commters>
	<number_commters>3</number_commters>
	<openTime>Thu Mar 02 08:53:18 CST 2017</openTime>
	<closedTime>Thu Mar 02 09:51:04 CST 2017</closedTime>
	<description>
		"react-native": "0.38.0",should change the version of it top than 0.38.0, or it will build fail, and alert the following errors: “SyntaxError: Strict mode does not allow function declarations in a lexically nested statement ”�?? And can you give me the permission to create new branch(for example dev or bug branch;),so I can apply merge request.
	</description>
	<comment>
		You can fork it and request a pull request.
	</comment>
	<comment>
		Just tested, I think I would update the version to 0.42.0.
	</comment>
</Issue>
