<Issue>
	<title>Missing Finance module JS error </title>
	<bugID> Issue #9 </bugID>
	<url>https://github.com/7kfpun/FinanceReactNative/issues/9</url>
	<labels>
		<label>None yet</label>
	</labels>
	<assignees>null	</assignees>
	<developer>joshg111</developer>
	<commters>[joshg111, 7kfpun]</commters>
	<number_commters>2</number_commters>
	<openTime>Sat Jun 11 16:50:50 CST 2016</openTime>
	<closedTime>Sun Jun 12 03:30:14 CST 2016</closedTime>
	<description>
		I get a javascript error saying something about not being able to import the Finance module. The stacktrace pointed to line 4 of index.android.js. I realized that the name of the file is Finance.js, but the import is as follows: import Finance from './finance'; When I make it capital then it worked.
	</description>
	<comment>
		Thanks, I will fixed it.
	</comment>
</Issue>
