<Issue>
	<title>Error: Naming collision detected </title>
	<bugID> Issue #6 </bugID>
	<url>https://github.com/7kfpun/FinanceReactNative/issues/6</url>
	<labels>
		<label>None yet</label>
	</labels>
	<assignees>null	</assignees>
	<developer>rendongsc</developer>
	<commters>[rendongsc, rendongsc]</commters>
	<number_commters>2</number_commters>
	<openTime>Fri Feb 19 02:12:15 CST 2016</openTime>
	<closedTime>Sat Feb 20 08:57:34 CST 2016</closedTime>
	<description>
		FinanceReactNative/node_modules/react-native-swipeout/node_modules/react/node_modules/fbjs/lib/VersionRange.js collides with /Users/daren/ReactNative/Projects/FinanceReactNative/node_modules/react-native/node_modules/fbjs/lib/VersionRange.js at HasteMap._updateHasteMap (HasteMap.js:132:13) at HasteMap.js:103:28 at tryCallOne (/Users/daren/ReactNative/Projects/FinanceReactNative/node_modules/react-native/node_modules/promise/lib/core.js:37:12) at /Users/daren/ReactNative/Projects/FinanceReactNative/node_modules/react-native/node_modules/promise/lib/core.js:123:15 at flush (/Users/daren/ReactNative/Projects/FinanceReactNative/node_modules/react-native/node_modules/promise/node_modules/asap/raw.js:50:29) at nextTickCallbackWith0Args (node.js:452:9) at process._tickCallback (node.js:381:13)
	</description>
	<comment>
		npm install -g npm3 rm -rf node_modules update package.json react-native 0.20 npm3 install
	</comment>
</Issue>
