<Issue>
	<title>Error run ios 7 : not found for architecture armv7 </title>
	<bugID> Issue #2 </bugID>
	<url>https://github.com/7kfpun/FinanceReactNative/issues/2</url>
	<labels>
		<label>None yet</label>
	</labels>
	<assignees>null	</assignees>
	<developer>nvcken</developer>
	<commters>[nvcken, nvcken, 7kfpun, nvcken, 7kfpun, nvcken, nvcken, 7kfpun, nvcken, 7kfpun, nvcken]</commters>
	<number_commters>11</number_commters>
	<openTime>Mon Oct 26 04:24:56 CST 2015</openTime>
	<closedTime>Tue Oct 27 02:29:47 CST 2015</closedTime>
	<description>
		I tried run on real iphone ios version 7.0 If I run on simulator , It 's fine. ld: warning: directory not found for option '-F/Applications/Xcode.app/Contents/Developer/Platforms/iPhoneOS.platform/Developer/SDKs/iPhoneOS9.0.sdk/Developer/Library/Frameworks'
Undefined symbols for architecture armv7:
  "_RCTSetLogFunction", referenced from:
      -[FinanceTests testRendersWelcomeScreen] in FinanceTests.o
ld: symbol(s) not found for architecture armv7
clang: error: linker command failed with exit code 1 (use -v to see invocation)

 What I do wrong here?
	</description>
	<comment>
		ping @7kfpun
	</comment>
	<comment>
		This link should help. Tell me if it works, thanks! facebook/react-native#2685 (comment)
	</comment>
	<comment>
		It works. I can build to device But I get another error SyntaxError Unexpected token ',' 
{ 
"line" : 55451,
"sourceURL" : "192.168.1.102:8081/index.ios.bundle"
}
 if I run on simulator , it works fine. Any help please
	</comment>
	<comment>
		Updated to React-native@0.13.1, try again please.
	</comment>
	<comment>
		Srry, my mistake It can run on emulator But same error on device
	</comment>
	<comment>
		SyntaxError Unexpected token ',' 
{ 
"line" : 57479,
"sourceURL" : "http://192.168.0.100:8081/index.ios.bundle?platform=ios&dev=true"
}
	</comment>
	<comment>
		I have tried and it works (iPhone 5s with 9.1). Try and tell me the outcome, thanks! http://stackoverflow.com/questions/29306888/react-native-on-ipad-error-could-not-connect-to-development-server#answer-29307009
	</comment>
	<comment>
		I tried static bundle , it works fine on simulator ios 9.0 I wonder may be error occur on ios 7.1. Have you tested on ios 7.1 ?
	</comment>
	<comment>
		Sorry I have only one device. I think you could open an issue in React-native.
	</comment>
	<comment>
		ok thanks for help I find this facebook/react-native#3261
	</comment>
</Issue>
