<Issue>
	<title>Android Webview </title>
	<bugID> Issue #4 </bugID>
	<url>https://github.com/7kfpun/FinanceReactNative/issues/4</url>
	<labels>
		<label>None yet</label>
	</labels>
	<assignees>null	</assignees>
	<developer>bozzmob</developer>
	<commters>[bozzmob, 7kfpun]</commters>
	<number_commters>2</number_commters>
	<openTime>Fri Nov 20 19:58:06 CST 2015</openTime>
	<closedTime>Fri Jan 15 13:25:56 CST 2016</closedTime>
	<description>
		Here is a way to fix the Android Webview issue- https://github.com/lucasferreira/react-native-webview-android I just found it on github, shared it.
	</description>
	<comment>
		Upgrade to react native 0.18.0-rc, it should be fixed.
	</comment>
</Issue>
