<Issue>
	<title>eslint-plugin depend </title>
	<bugID> Issue #17 </bugID>
	<url>https://github.com/7kfpun/FinanceReactNative/issues/17</url>
	<labels>
		<label>None yet</label>
	</labels>
	<assignees>null	</assignees>
	<developer>liuzhiyi1992</developer>
	<commters>[liuzhiyi1992, 7kfpun]</commters>
	<number_commters>2</number_commters>
	<openTime>Sat Feb 25 06:29:43 CST 2017</openTime>
	<closedTime>Sun Feb 26 11:59:03 CST 2017</closedTime>
	<description>
		
	</description>
	<comment>
		Update package a465609
	</comment>
</Issue>
