<Issue>
	<title>九宫格样式设置头部有处理�? </title>
	<bugID> Issue #19 </bugID>
	<url>https://github.com/CymChad/BaseRecyclerViewAdapterHelper/issues/19</url>
	<labels>
		<label>None yet</label>
	</labels>
	<assignees>null	</assignees>
	<developer>hczcgq</developer>
	<commters>[hczcgq, CymChad]</commters>
	<number_commters>2</number_commters>
	<openTime>Thu May 12 11:46:38 CST 2016</openTime>
	<closedTime>Thu May 12 13:18:32 CST 2016</closedTime>
	<description>
		No description provided.
	</description>
	<comment>
		有的demo里面就有
	</comment>
</Issue>
