<Issue>
	<title>Bug in SLIDEIN_BOTTOM animation when using GridLayoutManager </title>
	<bugID> Issue #161 </bugID>
	<url>https://github.com/CymChad/BaseRecyclerViewAdapterHelper/issues/161</url>
	<labels>
		<label>None yet</label>
	</labels>
	<assignees>null	</assignees>
	<developer>jasonni</developer>
	<commters>[jasonni, CymChad, jasonni, CymChad, CymChad, CymChad, CymChad, CymChad]</commters>
	<number_commters>8</number_commters>
	<openTime>Thu Jul 14 04:53:44 CST 2016</openTime>
	<closedTime>Tue Jul 26 03:03:34 CST 2016</closedTime>
	<description>
		I have a question about SLIDEIN_BOTTOM animation when using GridLayoutManager, the last item (here is item 5) not slide in, I find the problem is the last item height is 0, any idea to fix it ?
	</description>
	<comment>
		Not find out why
	</comment>
	<comment>
		I find the height of item 5 is 0, so it can't animate. Maybe it's too early to call animate? I will help to find the problem.
	</comment>
	<comment>
		I've tested 12 data, also is the only article 5 not slide in，strange
	</comment>
	<comment>
		Find the problem The fifth didn't perform onViewBindHolder method 👍 1
	</comment>
	<comment>
		Adapter is reuse mechanism lead to the problems 👍 1
	</comment>
	<comment>
		compile 'com.github.CymChad:BaseRecyclerViewAdapterHelper:v1.9.6' 🎉 1
	</comment>
	<comment>
		fix #161
	</comment>
</Issue>
