<Issue>
	<title>Adapter添加头布�?的内容发生变化，如何进行刷新�? </title>
	<bugID> Issue #128 </bugID>
	<url>https://github.com/CymChad/BaseRecyclerViewAdapterHelper/issues/128</url>
	<labels>
		<label>None yet</label>
	</labels>
	<assignees>null	</assignees>
	<developer>Dreamer206602</developer>
	<commters>[Dreamer206602, CymChad]</commters>
	<number_commters>2</number_commters>
	<openTime>Mon Jul 04 03:12:11 CST 2016</openTime>
	<closedTime>Mon Jul 04 03:34:40 CST 2016</closedTime>
	<description>
		No description provided.
	</description>
	<comment>
		notifyItemChanged(0);
	</comment>
</Issue>
