<Issue>
	<title>Items first load </title>
	<bugID> Issue #148 </bugID>
	<url>https://github.com/CymChad/BaseRecyclerViewAdapterHelper/issues/148</url>
	<labels>
		<label>None yet</label>
	</labels>
	<assignees>null	</assignees>
	<developer>Nook2007</developer>
	<commters>[Nook2007, CymChad, Nook2007, CymChad, Nook2007, CymChad]</commters>
	<number_commters>6</number_commters>
	<openTime>Sat Jul 09 14:04:23 CST 2016</openTime>
	<closedTime>Sun Jul 10 14:05:24 CST 2016</closedTime>
	<description>
		I want to show progress bar when fragment first time created until data not loaded. In PullToRefreshUseActivity.java i set private void initAdapter() {
   mQuickAdapter = new QuickAdapter(); //0 or null
...
}
 why onLoadMoreRequested not called?
	</description>
	<comment>
		mQuickAdapter.openLoadMore(PAGE_SIZE, true); mQuickAdapter.setOnLoadMoreListener(this);
	</comment>
	<comment>
		private void initAdapter() {
        mQuickAdapter = new QuickAdapter();
        mQuickAdapter.openLoadAnimation();
        mRecyclerView.setAdapter(mQuickAdapter);
        mCurrentCounter = mQuickAdapter.getData().size();
        mQuickAdapter.setOnLoadMoreListener(this);
        mQuickAdapter.openLoadMore(PAGE_SIZE, true);//or call mQuickAdapter.setPageSize(PAGE_SIZE);  mQuickAdapter.openLoadMore(true);
        addHeadView();
        mQuickAdapter.setOnRecyclerViewItemClickListener(new BaseQuickAdapter.OnRecyclerViewItemClickListener() {
            @Override
            public void onItemClick(View view, int position) {
                Toast.makeText(PullToRefreshUseActivity.this, Integer.toString(position), Toast.LENGTH_LONG).show();
            }
        });
    }
 Still not working
	</comment>
	<comment>
		How much the size of your data? How much the size of your page?
	</comment>
	<comment>
		mQuickAdapter.openLoadMore(0, true); Working, thanks
	</comment>
	<comment>
		Thank you for using
	</comment>
</Issue>
