<Issue>
	<title>setNewData传入的数据有十条，但是列表上显示出来只有�?�? </title>
	<bugID> Issue #159 </bugID>
	<url>https://github.com/CymChad/BaseRecyclerViewAdapterHelper/issues/159</url>
	<labels>
		<label>None yet</label>
	</labels>
	<assignees>null	</assignees>
	<developer>cbfg5210</developer>
	<commters>[cbfg5210]</commters>
	<number_commters>1</number_commters>
	<openTime>Wed Jul 13 09:54:14 CST 2016</openTime>
	<closedTime>Wed Jul 13 11:06:44 CST 2016</closedTime>
	<description>
		No description provided.
	</description>
</Issue>
