<Issue>
	<title>代码git 下来后出现这个问�? </title>
	<bugID> Issue #188 </bugID>
	<url>https://github.com/CymChad/BaseRecyclerViewAdapterHelper/issues/188</url>
	<labels>
		<label>None yet</label>
	</labels>
	<assignees>null	</assignees>
	<developer>wuzhaohui026</developer>
	<commters>[wuzhaohui026]</commters>
	<number_commters>1</number_commters>
	<openTime>Wed Jul 27 05:57:11 CST 2016</openTime>
	<closedTime>Wed Jul 27 05:57:54 CST 2016</closedTime>
	<description>
		No description provided.
	</description>
</Issue>
