<Issue>
	<title>在哪里可以看每个版本改了�?�? </title>
	<bugID> Issue #229 </bugID>
	<url>https://github.com/CymChad/BaseRecyclerViewAdapterHelper/issues/229</url>
	<labels>
		<label>None yet</label>
	</labels>
	<assignees>null	</assignees>
	<developer>KIDNG</developer>
	<commters>[KIDNG, CymChad]</commters>
	<number_commters>2</number_commters>
	<openTime>Tue Aug 09 07:45:15 CST 2016</openTime>
	<closedTime>Tue Aug 09 07:46:26 CST 2016</closedTime>
	<description>
		No description provided.
	</description>
	<comment>
		https://github.com/CymChad/BaseRecyclerViewAdapterHelper/releases
	</comment>
</Issue>
