<Issue>
	<title>Error:(27, 13) Failed to resolve: com.github.CymChad:BaseRecyclerViewAdapterHelper:v1.8.5 <a href="openFile:/Users/ruanruan/Code/git/BasicCommonLib/LibCommon/build.gradle">Show in File</a><br><a href="open.dependency.in.project.structure">Show in Project Structure dialog</a> </title>
	<bugID> Issue #136 </bugID>
	<url>https://github.com/CymChad/BaseRecyclerViewAdapterHelper/issues/136</url>
	<labels>
		<label>None yet</label>
	</labels>
	<assignees>null	</assignees>
	<developer>HelloDearWorld</developer>
	<commters>[HelloDearWorld, yunquefly, liu-hailin, liu-hailin]</commters>
	<number_commters>4</number_commters>
	<openTime>Thu Jul 07 06:15:34 CST 2016</openTime>
	<closedTime>Thu Jul 07 14:26:49 CST 2016</closedTime>
	<description>
		Error:(27, 13) Failed to resolve: com.github.CymChad:BaseRecyclerViewAdapterHelper:v1.8.5 Show in File Show in Project Structure dialog
	</description>
	<comment>
		我也是报的这种错�?
	</comment>
	<comment>
		你们是不是没有在总gradle里面添加东西�?
	</comment>
	<comment>
		allprojects { repositories { ... maven { url "https://jitpack.io" } } }
	</comment>
</Issue>
