<Issue>
	<title>提供下载的Demo不能运行 </title>
	<bugID> Issue #189 </bugID>
	<url>https://github.com/CymChad/BaseRecyclerViewAdapterHelper/issues/189</url>
	<labels>
		<label>None yet</label>
	</labels>
	<assignees>null	</assignees>
	<developer>hsbyron</developer>
	<commters>[hsbyron, CymChad]</commters>
	<number_commters>2</number_commters>
	<openTime>Wed Jul 27 10:17:02 CST 2016</openTime>
	<closedTime>Thu Jul 28 02:59:31 CST 2016</closedTime>
	<description>
		直接下载的，�?4.0的模拟器上无法运行�??
	</description>
	<comment>
		minSdkVersion 14
	</comment>
</Issue>
