<Issue>
	<title>�?启上拉加载更多后添加footer无效 </title>
	<bugID> Issue #198 </bugID>
	<url>https://github.com/CymChad/BaseRecyclerViewAdapterHelper/issues/198</url>
	<labels>
		<label>None yet</label>
	</labels>
	<assignees>null	</assignees>
	<developer>HeyManImMoy</developer>
	<commters>[HeyManImMoy]</commters>
	<number_commters>1</number_commters>
	<openTime>Sun Jul 31 08:19:28 CST 2016</openTime>
	<closedTime>Sun Jul 31 08:28:46 CST 2016</closedTime>
	<description>
		�?启上拉加载更多后添加footer无效
	</description>
</Issue>
