<Issue>
	<title>提个建议。希望能加几个小功能 </title>
	<bugID> Issue #139 </bugID>
	<url>https://github.com/CymChad/BaseRecyclerViewAdapterHelper/issues/139</url>
	<labels>
		<label>None yet</label>
	</labels>
	<assignees>null	</assignees>
	<developer>KarnaughK</developer>
	<commters>[KarnaughK, CymChad]</commters>
	<number_commters>2</number_commters>
	<openTime>Thu Jul 07 11:02:33 CST 2016</openTime>
	<closedTime>Thu Jul 07 14:26:02 CST 2016</closedTime>
	<description>
		侵入式加载页 setLoadView() 网络不好时的提示�? setNoNetView() 以及相应的show hide 方法。如果能有的话就太好~
	</description>
	<comment>
		在这里面�? #77
	</comment>
</Issue>
