<Issue>
	<title>When the pull to refresh is combined with onloadmore with load fail, it crashes </title>
	<bugID> Issue #253 </bugID>
	<url>https://github.com/CymChad/BaseRecyclerViewAdapterHelper/issues/253</url>
	<labels>
		<label>None yet</label>
	</labels>
	<assignees>null	</assignees>
	<developer>marvinmosa</developer>
	<commters>[marvinmosa, marvinmosa, CymChad, CymChad, shichaohui]</commters>
	<number_commters>5</number_commters>
	<openTime>Wed Aug 24 01:50:13 CST 2016</openTime>
	<closedTime>Wed Aug 24 06:21:29 CST 2016</closedTime>
	<description>
		Having an issue regarding the slowLoadMoreFailedView when i am trying both on load more and pull to refresh at the same time java.lang.NullPointerException: Attempt to invoke virtual method 'android.view.View android.view.LayoutInflater.inflate(int, android.view.ViewGroup)' on a null object reference at com.chad.library.adapter.base.BaseQuickAdapter.showLoadMoreFailedView(BaseQuickAdapter.java:725)
	</description>
	<comment>
		Although if i put your mListAdapter.removeAllFooterView(); on the onRefresh() method it works.
	</comment>
	<comment>
		Problem has been received and is looking for problems, back to you later
	</comment>
	<comment>
		Please give your code
	</comment>
	<comment>
		I think that when you call the showLoadMoreFailedView() method, the adapter is no data. At this time the object named layoutInflater is not initialized, so, you got NullPointerException. If you need prompt when load failed and adapter is no data, you can use emptyView. You can refer to the demo. 👍 2
	</comment>
</Issue>
