<Issue>
	<title>用的gradle，都没法同步，build.gradle里面加了依赖�? </title>
	<bugID> Issue #167 </bugID>
	<url>https://github.com/CymChad/BaseRecyclerViewAdapterHelper/issues/167</url>
	<labels>
		<label>None yet</label>
	</labels>
	<assignees>null	</assignees>
	<developer>ShallowMemory</developer>
	<commters>[ShallowMemory, CymChad]</commters>
	<number_commters>2</number_commters>
	<openTime>Fri Jul 15 07:03:45 CST 2016</openTime>
	<closedTime>Fri Jul 15 07:07:22 CST 2016</closedTime>
	<description>
		Error:Could not find com.github.CymChad:BaseRecyclerViewAdapterHelper:v1.9.2. Required by: CXReader:app:unspecified Search in build.gradle files
	</description>
	<comment>
		Add it in your root build.gradle at the end of repositories: allprojects { repositories { ... maven { url "https://jitpack.io" } } }
	</comment>
</Issue>
