<Issue>
	<title>找到之前的问题了，加载更多的UI突兀显示是调用的失误........... </title>
	<bugID> Issue #146 </bugID>
	<url>https://github.com/CymChad/BaseRecyclerViewAdapterHelper/issues/146</url>
	<labels>
		<label>None yet</label>
	</labels>
	<assignees>null	</assignees>
	<developer>duckAndroid</developer>
	<commters>[duckAndroid, CymChad]</commters>
	<number_commters>2</number_commters>
	<openTime>Fri Jul 08 11:34:37 CST 2016</openTime>
	<closedTime>Sun Jul 10 13:57:15 CST 2016</closedTime>
	<description>
		No description provided.
	</description>
	<comment>
		#131
	</comment>
</Issue>
