<Issue>
	<title>When I include the library an old RecyclerView draws wrong </title>
	<bugID> Issue #181 </bugID>
	<url>https://github.com/CymChad/BaseRecyclerViewAdapterHelper/issues/181</url>
	<labels>
		<label>None yet</label>
	</labels>
	<assignees>null	</assignees>
	<developer>cazador4</developer>
	<commters>[cazador4, CymChad, CymChad]</commters>
	<number_commters>3</number_commters>
	<openTime>Fri Jul 22 17:20:20 CST 2016</openTime>
	<closedTime>Mon Jul 25 05:56:17 CST 2016</closedTime>
	<description>
		Before include: http://imgur.com/j3y3DnJ After include: http://imgur.com/xoKAjKE I've only included in the build.gradle compile 'com.github.CymChad:BaseRecyclerViewAdapterHelper:v1.9.3' Do you know why the height of items in my old recyclerview are drawing bad ? Do you override some class ?
	</description>
	<comment>
		Should be your XML layout height problem，You can try android:layout_height="wrap_content"
	</comment>
	<comment>
		loading layout code mLayoutInflater.inflate(layoutResId, parent, false);
	</comment>
</Issue>
