<Issue>
	<title>divider support? </title>
	<bugID> Issue #2 </bugID>
	<url>https://github.com/CymChad/BaseRecyclerViewAdapterHelper/issues/2</url>
	<labels>
		<label>None yet</label>
	</labels>
	<assignees>null	</assignees>
	<developer>beiliubei</developer>
	<commters>[beiliubei, CymChad]</commters>
	<number_commters>2</number_commters>
	<openTime>Thu Apr 21 05:11:48 CST 2016</openTime>
	<closedTime>Thu Apr 21 05:25:13 CST 2016</closedTime>
	<description>
		No description provided.
	</description>
	<comment>
		support
	</comment>
</Issue>
