<Issue>
	<title>Not issue just need help to make this work </title>
	<bugID> Issue #115 </bugID>
	<url>https://github.com/CymChad/BaseRecyclerViewAdapterHelper/issues/115</url>
	<labels>
		<label>None yet</label>
	</labels>
	<assignees>null	</assignees>
	<developer>navotera</developer>
	<commters>[navotera, navotera]</commters>
	<number_commters>2</number_commters>
	<openTime>Thu Jun 30 05:49:18 CST 2016</openTime>
	<closedTime>Thu Jun 30 06:18:16 CST 2016</closedTime>
	<description>
		i have code for base adapter here : public class PengumumanBaseAdapter extends BaseQuickAdapter<PengumumanModel> {
    public PengumumanBaseAdapter(List pengumumanList) {
         super(R.layout.pengumuman_list, pengumumanList);

    }

 @Override
protected void convert(BaseViewHolder helper, PengumumanModel pengumuman) {
    helper.setText(R.id.pjudul, pengumuman.getJudul())
            .setText(R.id.psubjudul, pengumuman.getSubjudul())
            .setText(R.id.ptanggal, pengumuman.getTanggal());
}
 } pengumumanList is arrayList(), and to implement on activity is here : PengumumanBaseAdapter adapter = new PengumumanBaseAdapter(pengumumanList); // Attach the adapter to the recyclerview to populate items listPengumuman.setAdapter(adapter); it return error message : java.lang.NullPointerException: Attempt to invoke virtual method 'void android.widget.TextView.setText(java.lang.CharSequence)' on a null object reference on the default adapter it works but using this library it doesn't work can someone help me why this not works thanks u so much....
	</description>
	<comment>
		sorry my mistake to put the view on the right item view..
	</comment>
</Issue>
