<Issue>
	<title>滑动显示删除等更多按�? </title>
	<bugID> Issue #199 </bugID>
	<url>https://github.com/CymChad/BaseRecyclerViewAdapterHelper/issues/199</url>
	<labels>
		<label>None yet</label>
	</labels>
	<assignees>null	</assignees>
	<developer>jituijiaqiezi</developer>
	<commters>[jituijiaqiezi, elfman, jituijiaqiezi]</commters>
	<number_commters>3</number_commters>
	<openTime>Sun Jul 31 17:41:31 CST 2016</openTime>
	<closedTime>Mon Aug 01 01:16:38 CST 2016</closedTime>
	<description>
		现在滑动有删除的效果，但是要实现各种操作按钮怎么实现�?
	</description>
	<comment>
		这个不是adpater应该做的事，建议使用另一个开源项目AndroidSwipeLayout
	</comment>
	<comment>
		@elfman 谢谢
	</comment>
</Issue>
