<Issue>
	<title>RV with Sections and Multiple Types! </title>
	<bugID> Issue #191 </bugID>
	<url>https://github.com/CymChad/BaseRecyclerViewAdapterHelper/issues/191</url>
	<labels>
		<label>None yet</label>
	</labels>
	<assignees>null	</assignees>
	<developer>asflow</developer>
	<commters>[asflow, CymChad]</commters>
	<number_commters>2</number_commters>
	<openTime>Thu Jul 28 07:55:00 CST 2016</openTime>
	<closedTime>Fri Jul 29 05:58:21 CST 2016</closedTime>
	<description>
		Hi, I am trying to create a recycler view with sections and multiple types in each section but some methods in MultipleItemAdapter example are deprecated. Is this possible? Thank You!
	</description>
	<comment>
		Possible, it is best to use MultipleItemQuickAdapter
	</comment>
</Issue>
