<Issue>
	<title>加载更对 </title>
	<bugID> Issue #201 </bugID>
	<url>https://github.com/CymChad/BaseRecyclerViewAdapterHelper/issues/201</url>
	<labels>
		<label>None yet</label>
	</labels>
	<assignees>null	</assignees>
	<developer>wuzhaohui026</developer>
	<commters>[wuzhaohui026, CymChad, CymChad]</commters>
	<number_commters>3</number_commters>
	<openTime>Mon Aug 01 09:03:36 CST 2016</openTime>
	<closedTime>Tue Aug 02 05:43:17 CST 2016</closedTime>
	<description>
		我的加载更多只能加载2页数据，在往下就�?个提示了
	</description>
	<comment>
		你先看看demo里面的用法吧，原理你可以看， #131
	</comment>
	<comment>
		它是根据你调用的方法来决定是否加载更多的�? 👍 1
	</comment>
</Issue>
