<Issue>
	<title>setLayoutManager </title>
	<bugID> Issue #187 </bugID>
	<url>https://github.com/CymChad/BaseRecyclerViewAdapterHelper/issues/187</url>
	<labels>
		<label>None yet</label>
	</labels>
	<assignees>null	</assignees>
	<developer>fuyifang</developer>
	<commters>[fuyifang]</commters>
	<number_commters>1</number_commters>
	<openTime>Tue Jul 26 11:03:23 CST 2016</openTime>
	<closedTime>Tue Jul 26 11:05:28 CST 2016</closedTime>
	<description>
		adpter里面没有了setLayoutManager方法，请问如何把控件设置为水平拖动？
	</description>
</Issue>
