<Issue>
	<title>有分割线吗？ </title>
	<bugID> Issue #142 </bugID>
	<url>https://github.com/CymChad/BaseRecyclerViewAdapterHelper/issues/142</url>
	<labels>
		<label>None yet</label>
	</labels>
	<assignees>null	</assignees>
	<developer>daiji168</developer>
	<commters>[daiji168, CymChad]</commters>
	<number_commters>2</number_commters>
	<openTime>Fri Jul 08 01:43:40 CST 2016</openTime>
	<closedTime>Fri Jul 08 02:42:43 CST 2016</closedTime>
	<description>
		RT
	</description>
	<comment>
		分割线不属于adapter的范围内。所以没有提供�??
	</comment>
</Issue>
