<Issue>
	<title>没有添加判断HeaderView和FooterView的方法？ </title>
	<bugID> Issue #103 </bugID>
	<url>https://github.com/CymChad/BaseRecyclerViewAdapterHelper/issues/103</url>
	<labels>
		<label>None yet</label>
	</labels>
	<assignees>null	</assignees>
	<developer>woniu0936</developer>
	<commters>[woniu0936, CymChad]</commters>
	<number_commters>2</number_commters>
	<openTime>Fri Jun 24 03:41:16 CST 2016</openTime>
	<closedTime>Fri Jun 24 06:37:40 CST 2016</closedTime>
	<description>
		No description provided.
	</description>
	<comment>
		#104
	</comment>
</Issue>
