<Issue>
	<title>给GridLayoutManager的RV设置emptyview的时候，emptyview宽度只占第一个Gird的宽�? </title>
	<bugID> Issue #150 </bugID>
	<url>https://github.com/CymChad/BaseRecyclerViewAdapterHelper/issues/150</url>
	<labels>
		<label>None yet</label>
	</labels>
	<assignees>null	</assignees>
	<developer>MarcoPeng</developer>
	<commters>[MarcoPeng, CymChad]</commters>
	<number_commters>2</number_commters>
	<openTime>Mon Jul 11 03:12:29 CST 2016</openTime>
	<closedTime>Mon Jul 11 06:08:01 CST 2016</closedTime>
	<description>
		怎么解决�?
	</description>
	<comment>
		使用StaggeredGridLayoutManager
	</comment>
</Issue>
