<Issue>
	<title>当adapter的item为button时，设置了setOnRecyclerViewItemClickListener 后点击不�? </title>
	<bugID> Issue #151 </bugID>
	<url>https://github.com/CymChad/BaseRecyclerViewAdapterHelper/issues/151</url>
	<labels>
		<label>None yet</label>
	</labels>
	<assignees>null	</assignees>
	<developer>petma</developer>
	<commters>[petma, CymChad, CymChad]</commters>
	<number_commters>3</number_commters>
	<openTime>Mon Jul 11 07:53:07 CST 2016</openTime>
	<closedTime>Wed Jul 13 02:56:28 CST 2016</closedTime>
	<description>
		将home_item_view.xml中的内容，替换为button之后，HomeActivity中点击按钮，不会跳到新的activity. ` ` ` @Override protected void convert(BaseViewHolder helper, HomeItem item) { helper.setText(R.id.btn, item.getTitle()); }`
	</description>
	<comment>
		你是想设置item的点击还是子布局的点击？
	</comment>
	<comment>
		？？�?
	</comment>
</Issue>
