<Issue>
	<title>empty view可以被左滑删除？！！ </title>
	<bugID> Issue #262 </bugID>
	<url>https://github.com/CymChad/BaseRecyclerViewAdapterHelper/issues/262</url>
	<labels>
		<label>None yet</label>
	</labels>
	<assignees>null	</assignees>
	<developer>blackbbc</developer>
	<commters>[blackbbc]</commters>
	<number_commters>1</number_commters>
	<openTime>Thu Aug 25 07:12:40 CST 2016</openTime>
	<closedTime>Thu Aug 25 07:19:25 CST 2016</closedTime>
	<description>
		如题 怎么设置empty view不接受左滑删除事件？
	</description>
</Issue>
