<Issue>
	<title>BaseMultiItemQuickAdapter 报错 </title>
	<bugID> Issue #244 </bugID>
	<url>https://github.com/CymChad/BaseRecyclerViewAdapterHelper/issues/244</url>
	<labels>
		<label>None yet</label>
	</labels>
	<assignees>null	</assignees>
	<developer>saky0542</developer>
	<commters>[saky0542, CymChad]</commters>
	<number_commters>2</number_commters>
	<openTime>Mon Aug 22 02:06:55 CST 2016</openTime>
	<closedTime>Mon Aug 22 02:09:51 CST 2016</closedTime>
	<description>
		java.lang.NullPointerException at com.chad.library.adapter.base.BaseMultiItemQuickAdapter.getLayoutId(BaseMultiItemQuickAdapter.java:42) at com.chad.library.adapter.base.BaseMultiItemQuickAdapter.onCreateDefViewHolder(BaseMultiItemQuickAdapter.java:38) at com.chad.library.adapter.base.BaseQuickAdapter.onCreateViewHolder(BaseQuickAdapter.java:515) at com.chad.library.adapter.base.BaseQuickAdapter.onCreateViewHolder(BaseQuickAdapter.java:41)
	</description>
	<comment>
		你每�?个数据数据没有setItemType�?
	</comment>
</Issue>
