<Issue>
	<title>Recyclerview not scroling </title>
	<bugID> Issue #105 </bugID>
	<url>https://github.com/CymChad/BaseRecyclerViewAdapterHelper/issues/105</url>
	<labels>
		<label>None yet</label>
	</labels>
	<assignees>null	</assignees>
	<developer>LOG-TAG</developer>
	<commters>[LOG-TAG, LOG-TAG]</commters>
	<number_commters>2</number_commters>
	<openTime>Fri Jun 24 08:24:15 CST 2016</openTime>
	<closedTime>Fri Jun 24 08:28:30 CST 2016</closedTime>
	<description>
		I'm currently use this lib with the help of example , but not able to find why recyclerview not scrolling ! may be compileSdkVersion 24 buildToolsVersion '24.0.0' will be the cause?
	</description>
	<comment>
		solved , by mistake fragment called inside the Tool bar :D 🎯
	</comment>
</Issue>
