<Issue>
	<title>可以做到点击item改变子控件的visibility�? </title>
	<bugID> Issue #212 </bugID>
	<url>https://github.com/CymChad/BaseRecyclerViewAdapterHelper/issues/212</url>
	<labels>
		<label>None yet</label>
	</labels>
	<assignees>null	</assignees>
	<developer>BestSingerInSiHui</developer>
	<commters>[BestSingerInSiHui, CymChad]</commters>
	<number_commters>2</number_commters>
	<openTime>Thu Aug 04 03:28:58 CST 2016</openTime>
	<closedTime>Thu Aug 04 05:46:13 CST 2016</closedTime>
	<description>
		No description provided.
	</description>
	<comment>
		通过geiView拿到控件本身，自己处理�??
	</comment>
</Issue>
