<Issue>
	<title>没有多�?�功能么 </title>
	<bugID> Issue #168 </bugID>
	<url>https://github.com/CymChad/BaseRecyclerViewAdapterHelper/issues/168</url>
	<labels>
		<label>None yet</label>
	</labels>
	<assignees>null	</assignees>
	<developer>ShallowMemory</developer>
	<commters>[ShallowMemory, CymChad]</commters>
	<number_commters>2</number_commters>
	<openTime>Fri Jul 15 09:20:49 CST 2016</openTime>
	<closedTime>Fri Jul 15 10:14:31 CST 2016</closedTime>
	<description>
		No description provided.
	</description>
	<comment>
		没有
	</comment>
</Issue>
