<Issue>
	<title>setNewData should not control loadMore action </title>
	<bugID> Issue #265 </bugID>
	<url>https://github.com/CymChad/BaseRecyclerViewAdapterHelper/issues/265</url>
	<labels>
		<label>None yet</label>
	</labels>
	<assignees>null	</assignees>
	<developer>jasonni</developer>
	<commters>[jasonni, CymChad]</commters>
	<number_commters>2</number_commters>
	<openTime>Fri Aug 26 05:04:31 CST 2016</openTime>
	<closedTime>Mon Aug 29 01:05:59 CST 2016</closedTime>
	<description>
		LoadMore enable here just a little strange if I call loadMoreComplete befor setNewData, It's hard to control loadMore action by myself. I think these methods should not be disturb by each of them. https://github.com/CymChad/BaseRecyclerViewAdapterHelper/blob/master/library/src/main/java/com/chad/library/adapter/base/BaseQuickAdapter.java#L214
	</description>
	<comment>
		Received your proposal, the subsequent will improve, thank you
	</comment>
</Issue>
