<Issue>
	<title>BaseQuickAdapter don't initialize data </title>
	<bugID> Issue #107 </bugID>
	<url>https://github.com/CymChad/BaseRecyclerViewAdapterHelper/issues/107</url>
	<labels>
		<label>None yet</label>
	</labels>
	<assignees>null	</assignees>
	<developer>iagocanalejas</developer>
	<commters>[iagocanalejas, CymChad, CymChad, CymChad]</commters>
	<number_commters>4</number_commters>
	<openTime>Sat Jun 25 11:26:53 CST 2016</openTime>
	<closedTime>Sat Jun 25 12:17:56 CST 2016</closedTime>
	<description>
		Hi, nice library. Just a problem. There is a problem when you try to initialize a BaseQuickAdapter extended adapter like: new AdapterSummonerHistoric(activity, layout, data); The data is never showed. To solve the problem i have to change my code and do: adapter = new AdapterSummonerHistoric(activity, layout, null); adapter.setNewData(data); I don't know if this is an intentional behavior or is just a bug, thanks for watching.
	</description>
	<comment>
		public BaseQuickAdapter(int layoutResId, List<T> data) {
        this.mData = data == null ? new ArrayList<T>() : data;
        if (layoutResId != 0) {
            this.mLayoutResId = layoutResId;
        }
    }
	</comment>
	<comment>
		/**
     * Get the data of list
     *
     * @return
     */
    public List getData() {
        return mData;
    }
	</comment>
	<comment>
		Please use the new version 1.8.5, bug fixes
	</comment>
</Issue>
