<Issue>
	<title>BaseQuickAdapter removeAllHeaderView </title>
	<bugID> Issue #184 </bugID>
	<url>https://github.com/CymChad/BaseRecyclerViewAdapterHelper/issues/184</url>
	<labels>
		<label>None yet</label>
	</labels>
	<assignees>null	</assignees>
	<developer>afinaliu</developer>
	<commters>[afinaliu, shichaohui, CymChad]</commters>
	<number_commters>3</number_commters>
	<openTime>Mon Jul 25 10:00:26 CST 2016</openTime>
	<closedTime>Tue Jul 26 07:57:13 CST 2016</closedTime>
	<description>
		public void removeAllHeaderView() { if (mFooterLayout == null) return;     mHeaderLayout.removeAllViews();
    mHeaderLayout = null;
}    请确认当前是代码
	</description>
	<comment>
		这个问题已经确认了，下个版本会修复，敬请期待�?
	</comment>
	<comment>
		compile 'com.github.CymChad:BaseRecyclerViewAdapterHelper:v1.9.7'
	</comment>
</Issue>
