<Issue>
	<title>请问 加载更多�? view 能自定义�? </title>
	<bugID> Issue #165 </bugID>
	<url>https://github.com/CymChad/BaseRecyclerViewAdapterHelper/issues/165</url>
	<labels>
		<label>None yet</label>
	</labels>
	<assignees>null	</assignees>
	<developer>wjehovah</developer>
	<commters>[wjehovah, CymChad]</commters>
	<number_commters>2</number_commters>
	<openTime>Fri Jul 15 05:00:53 CST 2016</openTime>
	<closedTime>Fri Jul 15 06:06:40 CST 2016</closedTime>
	<description>
		No description provided.
	</description>
	<comment>
		mQuickAdapter.setLoadingView(customView);
	</comment>
</Issue>
