<Issue>
	<title>android studio can not compile </title>
	<bugID> Issue #169 </bugID>
	<url>https://github.com/CymChad/BaseRecyclerViewAdapterHelper/issues/169</url>
	<labels>
		<label>None yet</label>
	</labels>
	<assignees>null	</assignees>
	<developer>ylei0514</developer>
	<commters>[ylei0514, CymChad]</commters>
	<number_commters>2</number_commters>
	<openTime>Sat Jul 16 03:39:13 CST 2016</openTime>
	<closedTime>Sat Jul 16 04:31:39 CST 2016</closedTime>
	<description>
		dependencies { compile 'com.github.CymChad:BaseRecyclerViewAdapterHelper:v1.9.2' } studio can not compile
	</description>
	<comment>
		Add it in your root build.gradle at the end of repositories: allprojects { repositories { ... maven { url "https://jitpack.io" } } }
	</comment>
</Issue>
