<Issue>
	<title>Possibilty of adding data to certain location </title>
	<bugID> Issue #254 </bugID>
	<url>https://github.com/CymChad/BaseRecyclerViewAdapterHelper/issues/254</url>
	<labels>
		<label>None yet</label>
	</labels>
	<assignees>null	</assignees>
	<developer>marvinmosa</developer>
	<commters>[marvinmosa, CymChad, CymChad, CymChad]</commters>
	<number_commters>4</number_commters>
	<openTime>Wed Aug 24 02:28:44 CST 2016</openTime>
	<closedTime>Thu Aug 25 00:11:30 CST 2016</closedTime>
	<description>
		Hello Again, I was wondering if you can overload addData function to add data to certain location so that it will be more flexible.
	</description>
	<comment>
		Thank you for your advice, later I will to improve it.
	</comment>
	<comment>
		Inform you after the modification of good
	</comment>
	<comment>
		compile 'com.github.CymChad:BaseRecyclerViewAdapterHelper:2.1.6'
	</comment>
</Issue>
