<Issue>
	<title>这个适配器，不能单独用吗？没有加载更多，notifyDataSetChanged无效 </title>
	<bugID> Issue #124 </bugID>
	<url>https://github.com/CymChad/BaseRecyclerViewAdapterHelper/issues/124</url>
	<labels>
		<label>None yet</label>
	</labels>
	<assignees>null	</assignees>
	<developer>xueyaolive</developer>
	<commters>[xueyaolive, CymChad]</commters>
	<number_commters>2</number_commters>
	<openTime>Fri Jul 01 05:58:56 CST 2016</openTime>
	<closedTime>Fri Jul 01 06:39:47 CST 2016</closedTime>
	<description>
		No description provided.
	</description>
	<comment>
		可以单独使用，你用的是最新版本吗？有�?种情况可能导致你说的情况就是初始化adapter的时候你的list事null，你可以通过getData拿到里面的数据源进行修改，这样应该没有问题�??
	</comment>
</Issue>
