<Issue>
	<title>滑动删除item </title>
	<bugID> Issue #200 </bugID>
	<url>https://github.com/CymChad/BaseRecyclerViewAdapterHelper/issues/200</url>
	<labels>
		<label>None yet</label>
	</labels>
	<assignees>null	</assignees>
	<developer>tangchao0106</developer>
	<commters>[tangchao0106, elfman]</commters>
	<number_commters>2</number_commters>
	<openTime>Mon Aug 01 07:00:59 CST 2016</openTime>
	<closedTime>Mon Aug 01 10:07:39 CST 2016</closedTime>
	<description>
		没有 滑动删除item这个效果�?,
	</description>
	<comment>
		请具体描述问题，用法见use-it-drag-and-swipe-item
	</comment>
</Issue>
