<Issue>
	<title>addHeaderView与SwipeRefreshLayout </title>
	<bugID> Issue #242 </bugID>
	<url>https://github.com/CymChad/BaseRecyclerViewAdapterHelper/issues/242</url>
	<labels>
		<label>None yet</label>
	</labels>
	<assignees>null	</assignees>
	<developer>Mr-GX</developer>
	<commters>[Mr-GX, CymChad]</commters>
	<number_commters>2</number_commters>
	<openTime>Fri Aug 19 03:26:29 CST 2016</openTime>
	<closedTime>Fri Aug 19 03:42:51 CST 2016</closedTime>
	<description>
		addHeaderView的view设置为gone时，SwipeRefreshLayout下拉无效
	</description>
	<comment>
		你可以rm HeaderView
	</comment>
</Issue>
