<Issue>
	<title>Animation not work in GridLayoutManager </title>
	<bugID> Issue #154 </bugID>
	<url>https://github.com/CymChad/BaseRecyclerViewAdapterHelper/issues/154</url>
	<labels>
		<label>None yet</label>
	</labels>
	<assignees>null	</assignees>
	<developer>jasonni</developer>
	<commters>[jasonni, CymChad, CymChad, jasonni]</commters>
	<number_commters>4</number_commters>
	<openTime>Tue Jul 12 08:16:24 CST 2016</openTime>
	<closedTime>Wed Jul 13 03:41:07 CST 2016</closedTime>
	<description>
		Hi @CymChad, I just trying to change LinearLayoutManager to GridLayoutManager in AnimationUseActivity class, and the animation not working
	</description>
	<comment>
		
	</comment>
	<comment>
		switch (viewType) {
            case 0:
                convert((BaseViewHolder) holder, mData.get(holder.getLayoutPosition() - getHeaderViewsCount()));
                addAnimation(holder);
                break;
            case LOADING_VIEW:
                addLoadMore(holder);
                break;
            case HEADER_VIEW:
                break;
            case EMPTY_VIEW:
                break;
            case FOOTER_VIEW:
                break;
            default:
                convert((BaseViewHolder) holder, mData.get(holder.getLayoutPosition() - getHeaderViewsCount()));
                onBindDefViewHolder((BaseViewHolder) holder, mData.get(holder.getLayoutPosition() - getHeaderViewsCount()));
                break;
        } You are the type of the custom?
	</comment>
	<comment>
		Hi @CymChad , sorry, my bad, it's working now. Thanks for your help :)
	</comment>
</Issue>
