<Issue>
	<title>怎么用glide下载网络图片显示到viewholder的view中？ </title>
	<bugID> Issue #130 </bugID>
	<url>https://github.com/CymChad/BaseRecyclerViewAdapterHelper/issues/130</url>
	<labels>
		<label>None yet</label>
	</labels>
	<assignees>null	</assignees>
	<developer>xubuhang</developer>
	<commters>[xubuhang, xubuhang]</commters>
	<number_commters>2</number_commters>
	<openTime>Mon Jul 04 08:54:06 CST 2016</openTime>
	<closedTime>Tue Jul 05 00:58:20 CST 2016</closedTime>
	<description>
		如题
	</description>
	<comment>
		我看到文档了里有，请关闭�?
	</comment>
</Issue>
