<Issue>
	<title>Single choice and multichoice support needed ! </title>
	<bugID> Issue #149 </bugID>
	<url>https://github.com/CymChad/BaseRecyclerViewAdapterHelper/issues/149</url>
	<labels>
		<label>None yet</label>
	</labels>
	<assignees>null	</assignees>
	<developer>LOG-TAG</developer>
	<commters>[LOG-TAG, CymChad, CymChad]</commters>
	<number_commters>3</number_commters>
	<openTime>Sat Jul 09 19:45:07 CST 2016</openTime>
	<closedTime>Mon Jul 11 06:21:19 CST 2016</closedTime>
	<description>
		we need Single / multi Choice RecyclerView support for this adapter !
	</description>
	<comment>
		What is the Single choice and multichoice �?
	</comment>
	<comment>
		Beyond the scope of the adapter, so sorry
	</comment>
</Issue>
