<Issue>
	<title>position </title>
	<bugID> Issue #226 </bugID>
	<url>https://github.com/CymChad/BaseRecyclerViewAdapterHelper/issues/226</url>
	<labels>
		<label>None yet</label>
	</labels>
	<assignees>null	</assignees>
	<developer>zhaoxiuyu</developer>
	<commters>[zhaoxiuyu, CymChad, zhaoxiuyu]</commters>
	<number_commters>3</number_commters>
	<openTime>Mon Aug 08 07:41:19 CST 2016</openTime>
	<closedTime>Mon Aug 08 09:18:06 CST 2016</closedTime>
	<description>
		如何在adapter �? convert方法中得到position�?
	</description>
	<comment>
		holder.getLayoutPosition();，或者getData().indexOf(item);
	</comment>
	<comment>
		OK
	</comment>
</Issue>
