<Issue>
	<title>抄袭整合 </title>
	<bugID> Issue #144 </bugID>
	<url>https://github.com/CymChad/BaseRecyclerViewAdapterHelper/issues/144</url>
	<labels>
		<label>None yet</label>
	</labels>
	<assignees>null	</assignees>
	<developer>axuan2015</developer>
	<commters>[axuan2015]</commters>
	<number_commters>1</number_commters>
	<openTime>Fri Jul 08 07:40:54 CST 2016</openTime>
	<closedTime>Fri Jul 08 08:54:58 CST 2016</closedTime>
	<description>
		No description provided.
	</description>
</Issue>
