<Issue>
	<title>setImageDrawable(viewId, drawable) not working </title>
	<bugID> Issue #225 </bugID>
	<url>https://github.com/CymChad/BaseRecyclerViewAdapterHelper/issues/225</url>
	<labels>
		<label>None yet</label>
	</labels>
	<assignees>null	</assignees>
	<developer>server102</developer>
	<commters>[server102, server102]</commters>
	<number_commters>2</number_commters>
	<openTime>Sat Aug 06 17:35:33 CST 2016</openTime>
	<closedTime>Sat Aug 06 18:13:39 CST 2016</closedTime>
	<description>
		i tried populating different drawables to imageView but it seems not to work. Note: it worked for textView. private List<Model> mModelList = new ArayList<>();

public void onViewCreated(View view, Bundle savedInstanceState) {
    // ommitted super.onviewcreated

    recyclerView.setLayoutManager....
    adapter  = new QuickAdapter();
    recyclerView.setAdapter(adapter);

     prepareData();

} // the adapter constructor
public QuickAdapter() {
    super(R.layout.layout_view, mModelList);
} @Override
protected void convert(BaseViewHolder helper, Model data) {
    helper.setImageDrawable(R.id.icon_id, data.getDrawable);
} // my model
public class Model {
    private Drawable drawable;

    public Model(Drawable draw) {
        this.drawable = draw;
    }

    public Drawable getDrawable() {
        return drawable;
    }
} // Data
private void prepareData() {
    Model model = new Model(ContextCompat.getDrawable(getActivity(), R.drawable.ic_image_1));
    mModelList.add(model); 

    model = new Model(ContextCompat.getDrawable(getActivity(), R.drawable.ic_image_2));
    mModelList.add(model)

    mAdapter.notifyDataSetChanged();
}
	</description>
	<comment>
		my bad... its actually working, the drawables and my background were the same color and I didn't notice. thanks for the library anyway, its a lifesaver compared to writing recyclerView from scratch.
	</comment>
</Issue>
