<Issue>
	<title>请问如何设置下拉刷新，调用adapter.openLoadMore(PAGE_SIZE,true);这个方法只有上拉加载更多 </title>
	<bugID> Issue #155 </bugID>
	<url>https://github.com/CymChad/BaseRecyclerViewAdapterHelper/issues/155</url>
	<labels>
		<label>None yet</label>
	</labels>
	<assignees>null	</assignees>
	<developer>yqyzxd</developer>
	<commters>[yqyzxd, CymChad]</commters>
	<number_commters>2</number_commters>
	<openTime>Tue Jul 12 08:23:08 CST 2016</openTime>
	<closedTime>Tue Jul 12 08:51:18 CST 2016</closedTime>
	<description>
		No description provided.
	</description>
	<comment>
		本框架不提供下拉刷新，需要组合第三方的控件进行使用�??
	</comment>
</Issue>
