<Issue>
	<title>KeyBoardUtils中的isShowSoftInput()方法无效 </title>
	<bugID> Issue #67 </bugID>
	<url>https://github.com/Blankj/AndroidUtilCode/issues/67</url>
	<labels>
		<label>help wanted</label>
	</labels>
	<assignees>null	</assignees>
	<developer>MarnoDev</developer>
	<commters>[MarnoDev, Blankj]</commters>
	<number_commters>2</number_commters>
	<openTime>Tue Oct 18 11:28:23 CST 2016</openTime>
	<closedTime>Mon Oct 31 10:29:53 CST 2016</closedTime>
	<description>
		No description provided.
	</description>
	<comment>
		这个我测了，也找了好多，找不到好使的，要不就只能去掉�?
	</comment>
</Issue>
