<Issue>
	<title>获取app签名错误 </title>
	<bugID> Issue #66 </bugID>
	<url>https://github.com/Blankj/AndroidUtilCode/issues/66</url>
	<labels>
		<label>help wanted</label>
	</labels>
	<assignees>null	</assignees>
	<developer>yikuo123</developer>
	<commters>[yikuo123, Blankj]</commters>
	<number_commters>2</number_commters>
	<openTime>Mon Oct 17 08:27:22 CST 2016</openTime>
	<closedTime>Mon Oct 31 10:30:26 CST 2016</closedTime>
	<description>
		public static Signature[] getAppSignature(Context context, String packageName) 这个方法通过pm.getPackageInfo(packageName, 0)获取到的signatures是null。如果传入参数PackageManager.GET_SIGNATURES就可以正确获取到。系统是5.1.1 api22，小�? 🎉 1
	</description>
	<comment>
		ok，我刚刚也发现了
	</comment>
</Issue>
