<Issue>
	<title>静默卸载 </title>
	<bugID> Issue #96 </bugID>
	<url>https://github.com/Blankj/AndroidUtilCode/issues/96</url>
	<labels>
		<label>None yet</label>
	</labels>
	<assignees>null	</assignees>
	<developer>Ahuangshang</developer>
	<commters>[Ahuangshang, Blankj]</commters>
	<number_commters>2</number_commters>
	<openTime>Fri Dec 09 08:11:24 CST 2016</openTime>
	<closedTime>Sat Dec 10 07:25:20 CST 2016</closedTime>
	<description>
		你好，我想问�?下，如果app没有root，权限该怎么添加，直接加入清单文件会报错的吗�?
	</description>
	<comment>
		必须有root才能
	</comment>
</Issue>
