<Issue>
	<title>获取手机运营商代�? </title>
	<bugID> Issue #57 </bugID>
	<url>https://github.com/Blankj/AndroidUtilCode/issues/57</url>
	<labels>
		<label>None yet</label>
	</labels>
	<assignees>null	</assignees>
	<developer>LiZongqi007</developer>
	<commters>[LiZongqi007, Blankj]</commters>
	<number_commters>2</number_commters>
	<openTime>Sun Oct 09 07:01:19 CST 2016</openTime>
	<closedTime>Mon Oct 10 01:10:43 CST 2016</closedTime>
	<description>
		No description provided.
	</description>
	<comment>
		那个在NetworkUtils�?
	</comment>
</Issue>
