<Issue>
	<title>建议增加权限声明 </title>
	<bugID> Issue #33 </bugID>
	<url>https://github.com/Blankj/AndroidUtilCode/issues/33</url>
	<labels>
		<label>None yet</label>
	</labels>
	<assignees>null	</assignees>
	<developer>ahangchen</developer>
	<commters>[ahangchen, Blankj]</commters>
	<number_commters>2</number_commters>
	<openTime>Tue Aug 23 07:39:24 CST 2016</openTime>
	<closedTime>Tue Aug 23 11:08:14 CST 2016</closedTime>
	<description>
		某些工具类使用时，需要在manifest里添加相关权限，�?好在注释里写清楚
	</description>
	<comment>
		方法注释中写了，类中不是每个方法都需要权限的，精确到方法即可
	</comment>
</Issue>
