<Issue>
	<title>在自定义控件中使用SizeUtils.dp2px()报错 </title>
	<bugID> Issue #131 </bugID>
	<url>https://github.com/Blankj/AndroidUtilCode/issues/131</url>
	<labels>
		<label>None yet</label>
	</labels>
	<assignees>null	</assignees>
	<developer>z244370114</developer>
	<commters>[z244370114, Blankj, z244370114, Blankj]</commters>
	<number_commters>4</number_commters>
	<openTime>Sat Feb 04 07:31:13 CST 2017</openTime>
	<closedTime>Mon Feb 06 05:14:35 CST 2017</closedTime>
	<description>
		主要原因还是 Utils.getContext() 上下文的原因�?
	</description>
	<comment>
		？？这个用appContext会报错吗
	</comment>
	<comment>
		我的问题，没有初始化。Utils.init(context);
	</comment>
	<comment>
		👌
	</comment>
</Issue>
