<Issue>
	<title>获取文件大小如何指定单位？只见注释，不见方法 </title>
	<bugID> Issue #54 </bugID>
	<url>https://github.com/Blankj/AndroidUtilCode/issues/54</url>
	<labels>
		<label>None yet</label>
	</labels>
	<assignees>null	</assignees>
	<developer>Andecy</developer>
	<commters>[Andecy, Blankj, Andecy]</commters>
	<number_commters>3</number_commters>
	<openTime>Fri Sep 30 11:36:32 CST 2016</openTime>
	<closedTime>Tue Oct 04 05:49:03 CST 2016</closedTime>
	<description>
		/**
 * 获取文件大小
 * <p>例如：getFileSize(file, ConstUtils.MB); 返回文件大小单位为MB</p>
 *
 * @param file 文件
 * @return 文件大小
 */
public static String getFileSize(File file) {
    if (!isFileExists(file)) return "";
    return ConvertUtils.byte2FitSize(file.length());
}
	</description>
	<comment>
		这个方法已经优化过了，自动会计算返回�?佳单位，你可以看下byte2FitSize，注释忘记更新了�?
	</comment>
	<comment>
		谢谢，看到了，现在才回复，很抱歉
	</comment>
</Issue>
