<Issue>
	<title>How about slipt in many jars? </title>
	<bugID> Issue #108 </bugID>
	<url>https://github.com/Blankj/AndroidUtilCode/issues/108</url>
	<labels>
		<label>None yet</label>
	</labels>
	<assignees>null	</assignees>
	<developer>rodgarcialima</developer>
	<commters>[rodgarcialima]</commters>
	<number_commters>1</number_commters>
	<openTime>Thu Jan 05 16:52:44 CST 2017</openTime>
	<closedTime>Tue Jan 24 09:33:20 CST 2017</closedTime>
	<description>
		How about slipt in many jars?
	</description>
</Issue>
