<Issue>
	<title>文件压缩时ImageUtils.compressByScale报错 </title>
	<bugID> Issue #126 </bugID>
	<url>https://github.com/Blankj/AndroidUtilCode/issues/126</url>
	<labels>
		<label>None yet</label>
	</labels>
	<assignees>null	</assignees>
	<developer>AlvinQiang</developer>
	<commters>[AlvinQiang, Blankj]</commters>
	<number_commters>2</number_commters>
	<openTime>Fri Jan 20 02:31:28 CST 2017</openTime>
	<closedTime>Tue Jan 24 09:30:54 CST 2017</closedTime>
	<description>
		Bitmap bitmap = ImageUtils.getBitmap(mImagePath); Bitmap suo_bitmap = ImageUtils.compressByScale(bitmap,0.5,0.5);
	</description>
	<comment>
		错误信息�?
	</comment>
</Issue>
