<Issue>
	<title>com.github.dcendents.android-maven插件依赖太多�? </title>
	<bugID> Issue #123 </bugID>
	<url>https://github.com/Blankj/AndroidUtilCode/issues/123</url>
	<labels>
		<label>invalid</label>
	</labels>
	<assignees>null	</assignees>
	<developer>apples398</developer>
	<commters>[apples398]</commters>
	<number_commters>1</number_commters>
	<openTime>Fri Jan 13 01:37:24 CST 2017</openTime>
	<closedTime>Fri Jan 13 01:59:31 CST 2017</closedTime>
	<description>
		Error:(4, 1) A problem occurred evaluating root project 'AndroidUtilCode'. Failed to apply plugin [id 'com.github.dcendents.android-maven'] Could not create plugin of type 'AndroidMavenPlugin'. 已经配置了： buildscript { repositories { jcenter() } dependencies { classpath 'com.android.tools.build:gradle:2.1.2' classpath 'com.github.dcendents:android-maven-gradle-plugin:1.5' classpath 'com.jfrog.bintray.gradle:gradle-bintray-plugin:1.6' // NOTE: Do not place your application dependencies here; they belong // in the individual module build.gradle files }
	</description>
</Issue>
