<Issue>
	<title>CrashUtils 报错 </title>
	<bugID> Issue #101 </bugID>
	<url>https://github.com/Blankj/AndroidUtilCode/issues/101</url>
	<labels>
		<label>None yet</label>
	</labels>
	<assignees>null	</assignees>
	<developer>addappcn</developer>
	<commters>[addappcn, Blankj, addappcn, addappcn]</commters>
	<number_commters>4</number_commters>
	<openTime>Tue Jan 03 08:05:46 CST 2017</openTime>
	<closedTime>Tue Jan 24 09:32:53 CST 2017</closedTime>
	<description>
		Utils.getContext().getExternalCacheDir().getPath() 报错 版本1.3.4
	</description>
	<comment>
		错误类型�?
	</comment>
	<comment>
		Caused by: java.lang.NullPointerException at com.blankj.utilcode.utils.CrashUtils.init(CrashUtils.java:66)
	</comment>
	<comment>
		crashDir = Utils.getContext().getCacheDir().getPath() + File.separator + "crash" + File.separator; 就是这一行，是获取缓存目录为空吧
	</comment>
</Issue>
