<Issue>
	<title>DeviceUtils 可以加入重启到recovery 、重启到fastboot </title>
	<bugID> Issue #81 </bugID>
	<url>https://github.com/Blankj/AndroidUtilCode/issues/81</url>
	<labels>
		<label>help wanted</label>
	</labels>
	<assignees>null	</assignees>
	<developer>baiyulinlin</developer>
	<commters>[baiyulinlin, Blankj, jp1017]</commters>
	<number_commters>3</number_commters>
	<openTime>Fri Nov 11 08:31:28 CST 2016</openTime>
	<closedTime>Wed Nov 23 10:24:10 CST 2016</closedTime>
	<description>
		No description provided.
	</description>
	<comment>
		已加，下次更新会显示 👍 1
	</comment>
	<comment>
		已加，下次更新会显示 厉害了啊博览科技
	</comment>
</Issue>
