<Issue>
	<title>使用AES加密失败，返回null </title>
	<bugID> Issue #92 </bugID>
	<url>https://github.com/Blankj/AndroidUtilCode/issues/92</url>
	<labels>
		<label>None yet</label>
	</labels>
	<assignees>null	</assignees>
	<developer>winter-jia</developer>
	<commters>[winter-jia, jp1017, Blankj]</commters>
	<number_commters>3</number_commters>
	<openTime>Mon Dec 05 12:03:08 CST 2016</openTime>
	<closedTime>Thu Dec 08 13:22:43 CST 2016</closedTime>
	<description>
		No description provided.
	</description>
	<comment>
		代码呢？ @winter-jia
	</comment>
	<comment>
		@winter-jia 看单元测试我怎么用的，肯定是你传的长度不�?
	</comment>
</Issue>
