<Issue>
	<title>ZipUtils有没有地zip文件进行密码加密解密的方法？ </title>
	<bugID> Issue #43 </bugID>
	<url>https://github.com/Blankj/AndroidUtilCode/issues/43</url>
	<labels>
		<label>None yet</label>
	</labels>
	<assignees>null	</assignees>
	<developer>arden</developer>
	<commters>[arden, Blankj]</commters>
	<number_commters>2</number_commters>
	<openTime>Sun Sep 18 06:48:15 CST 2016</openTime>
	<closedTime>Sun Sep 18 07:56:46 CST 2016</closedTime>
	<description>
		ZipUtils有没有地zip文件进行密码加密解密的方法？
	</description>
	<comment>
		这个还没有，毕竟安卓加密压缩文件几乎没见�?
	</comment>
</Issue>
