<Issue>
	<title>CloseUtils has a problem? </title>
	<bugID> Issue #68 </bugID>
	<url>https://github.com/Blankj/AndroidUtilCode/issues/68</url>
	<labels>
		<label>help wanted</label>
	</labels>
	<assignees>null	</assignees>
	<developer>DanielYP</developer>
	<commters>[DanielYP, Blankj, DanielYP]</commters>
	<number_commters>3</number_commters>
	<openTime>Fri Oct 21 02:12:00 CST 2016</openTime>
	<closedTime>Mon Oct 31 10:29:48 CST 2016</closedTime>
	<description>
		public static void closeIO(Closeable... closeables) { if (closeables == null) return; try { for (Closeable closeable : closeables) { if (closeable != null) { closeable.close(); } } } catch (IOException e) { e.printStackTrace(); } } change to public static void closeIO(Closeable... closeables) { if (closeables == null) return; for (Closeable closeable : closeables) { if (closeable != null) { try{ closeable.close(); } }catch(IOException e){ e.printStackTrace(); continue; } } }
	</description>
	<comment>
		thx for ur issues, I will fix it in next version. you'd better format the code�?
	</comment>
	<comment>
		:)
	</comment>
</Issue>
