<Issue>
	<title>代码不全, 报错. </title>
	<bugID> Issue #97 </bugID>
	<url>https://github.com/Blankj/AndroidUtilCode/issues/97</url>
	<labels>
		<label>None yet</label>
	</labels>
	<assignees>null	</assignees>
	<developer>MAIMIHO</developer>
	<commters>[MAIMIHO, Blankj]</commters>
	<number_commters>2</number_commters>
	<openTime>Sat Dec 10 06:04:46 CST 2016</openTime>
	<closedTime>Wed Dec 14 12:44:50 CST 2016</closedTime>
	<description>
		AndroidUtilCode/app/src/main/java/com/blankj/androidutilcode/activities/HandlerActivity.java setContentView(R.layout.activity_handler); tvAboutHandler0 = (TextView) findViewById(R.id.tv_about_handler0); tvAboutHandler1 = (TextView) findViewById(R.id.tv_about_handler1); AndroidUtilCode/app/src/main/res/layout/activity_handler.xml 里面没有这两个id
	</description>
	<comment>
		我改了，没同�?
	</comment>
</Issue>
