<Issue>
	<title>ImageUtils compressByScale方法压缩图片总提示可能为NULL,无法使用 </title>
	<bugID> Issue #118 </bugID>
	<url>https://github.com/Blankj/AndroidUtilCode/issues/118</url>
	<labels>
		<label>None yet</label>
	</labels>
	<assignees>null	</assignees>
	<developer>ljf1172361058</developer>
	<commters>[ljf1172361058, Blankj, ljf1172361058]</commters>
	<number_commters>3</number_commters>
	<openTime>Tue Jan 10 05:52:30 CST 2017</openTime>
	<closedTime>Tue Jan 17 03:37:43 CST 2017</closedTime>
	<description>
		No description provided.
	</description>
	<comment>
		？？你就写着，然后run�?
	</comment>
	<comment>
		然后就没有然后了๑乛㉨乛�?
	</comment>
</Issue>
