<Issue>
	<title>给个建议 </title>
	<bugID> Issue #3 </bugID>
	<url>https://github.com/Blankj/AndroidUtilCode/issues/3</url>
	<labels>
		<label>help wanted</label>
	</labels>
	<assignees>null	</assignees>
	<developer>iQuick</developer>
	<commters>[iQuick, jp1017, Blankj]</commters>
	<number_commters>3</number_commters>
	<openTime>Tue Aug 02 08:02:27 CST 2016</openTime>
	<closedTime>Fri Aug 05 00:55:58 CST 2016</closedTime>
	<description>
		给个建议，最好是能在代码片段上注明代码片段涉及的权限，这样用起来更加方便�? 👍 2
	</description>
	<comment>
		Good, 👍 😄 1
	</comment>
	<comment>
		恩，我现在都改成那样的了哦，看注释会感觉萌萌哒，晚上来一波更�?
	</comment>
</Issue>
