<Issue>
	<title>截屏有没有可以截取视频播放View的方案？ </title>
	<bugID> Issue #8 </bugID>
	<url>https://github.com/Blankj/AndroidUtilCode/issues/8</url>
	<labels>
		<label>wontfix</label>
	</labels>
	<assignees>null	</assignees>
	<developer>renyanxu2000</developer>
	<commters>[renyanxu2000, Blankj]</commters>
	<number_commters>2</number_commters>
	<openTime>Wed Aug 03 05:45:16 CST 2016</openTime>
	<closedTime>Fri Aug 05 02:24:04 CST 2016</closedTime>
	<description>
		现有提供的方案对布局中有SurfaceView的laytou不能完美适配，截屏的图片中surfaceView的背景是黑色的�??
	</description>
	<comment>
		谷歌搜一下吧，应该有人跟你一样会碰到相同的问题，我不可能整理得会那么细，有些情况还是�?要具体情况具体分析的
	</comment>
</Issue>
