<Issue>
	<title>加个夜间模式，清除缓存，版本升级，这些个有吗 </title>
	<bugID> Issue #47 </bugID>
	<url>https://github.com/Blankj/AndroidUtilCode/issues/47</url>
	<labels>
		<label>None yet</label>
	</labels>
	<assignees>null	</assignees>
	<developer>liyanfei250</developer>
	<commters>[liyanfei250, Blankj, liyanfei250]</commters>
	<number_commters>3</number_commters>
	<openTime>Fri Sep 23 14:00:06 CST 2016</openTime>
	<closedTime>Tue Oct 04 05:48:26 CST 2016</closedTime>
	<description>
		No description provided.
	</description>
	<comment>
		这些个暂时还没有，基�?的还没封装完，后续关注哦
	</comment>
	<comment>
		嗯，越来越好了，加油
	</comment>
</Issue>
