<Issue>
	<title>NetworkUtils中的打开或关闭移动数据需要请求到系统权限 </title>
	<bugID> Issue #133 </bugID>
	<url>https://github.com/Blankj/AndroidUtilCode/issues/133</url>
	<labels>
		<label>None yet</label>
	</labels>
	<assignees>null	</assignees>
	<developer>czvn</developer>
	<commters>[czvn, Blankj, czvn]</commters>
	<number_commters>3</number_commters>
	<openTime>Sat Feb 11 05:15:37 CST 2017</openTime>
	<closedTime>Mon Feb 13 04:58:36 CST 2017</closedTime>
	<description>
		在Android Manifest中声明android.permission.MODIFY_PHONE_STATE权限时被提示该权限仅授予系统应用，这种情况该如何解决�?
	</description>
	<comment>
		达到固件里作为系统应用吧
	</comment>
	<comment>
		明白了，谢谢
	</comment>
</Issue>
