<Issue>
	<title>. </title>
	<bugID> Issue #40 </bugID>
	<url>https://github.com/Blankj/AndroidUtilCode/issues/40</url>
	<labels>
		<label>None yet</label>
	</labels>
	<assignees>null	</assignees>
	<developer>sunshineliang</developer>
	<commters>[sunshineliang, Blankj]</commters>
	<number_commters>2</number_commters>
	<openTime>Wed Sep 07 13:13:46 CST 2016</openTime>
	<closedTime>Thu Sep 08 01:25:04 CST 2016</closedTime>
	<description>
		No description provided.
	</description>
	<comment>
		It‘s simple expression. It works.
	</comment>
</Issue>
