<Issue>
	<title>点赞 </title>
	<bugID> Issue #83 </bugID>
	<url>https://github.com/Blankj/AndroidUtilCode/issues/83</url>
	<labels>
		<label>None yet</label>
	</labels>
	<assignees>null	</assignees>
	<developer>personalxia</developer>
	<commters>[personalxia, Blankj, jp1017]</commters>
	<number_commters>3</number_commters>
	<openTime>Fri Nov 18 07:27:10 CST 2016</openTime>
	<closedTime>Sat Nov 19 01:20:49 CST 2016</closedTime>
	<description>
		感谢作�?�的辛勤付出 👍 1
	</description>
	<comment>
		😈 😈 😈
	</comment>
	<comment>
		+1 👍
	</comment>
</Issue>
