<Issue>
	<title>AppUtils可以加个获取app的入口activity名称 </title>
	<bugID> Issue #79 </bugID>
	<url>https://github.com/Blankj/AndroidUtilCode/issues/79</url>
	<labels>
		<label>help wanted</label>
	</labels>
	<assignees>null	</assignees>
	<developer>baiyulinlin</developer>
	<commters>[baiyulinlin, Blankj]</commters>
	<number_commters>2</number_commters>
	<openTime>Tue Nov 01 08:08:41 CST 2016</openTime>
	<closedTime>Wed Nov 23 10:24:10 CST 2016</closedTime>
	<description>
		No description provided.
	</description>
	<comment>
		已加在ActivityUtils中，下版更新
	</comment>
</Issue>
